date,time,fiat,symbol,price
2025-08-16,21:00,USD,ADA,0.9212981886
2025-08-16,21:00,USD,BONK,0.00002424659118
2025-08-16,21:00,USD,BRL,0.18509
2025-08-16,21:00,USD,EUR,1.1681
2025-08-16,21:00,USD,SNEK,0.00506551698577
2025-08-16,21:00,USD,SOL,189.7658495097
2025-08-16,21:00,USD,WIF,0.8850655392
2025-08-17,21:00,USD,ADA,0.9618697798
2025-08-17,21:00,USD,BONK,0.00002382798649
2025-08-17,21:00,USD,BRL,0.18509
2025-08-17,21:00,USD,EUR,1.1679
2025-08-17,21:00,USD,SNEK,0.00535478418821
2025-08-17,21:00,USD,SOL,191.1644961964
2025-08-17,21:00,USD,WIF,0.9127893185
2025-08-18,21:00,USD,ADA,0.9232358895
2025-08-18,21:00,USD,BONK,0.00002260382345
2025-08-18,21:00,USD,BRL,0.18482
2025-08-18,21:00,USD,EUR,1.1688
2025-08-18,21:00,USD,SNEK,0.00518879108251
2025-08-18,21:00,USD,SOL,183.0696910273
2025-08-18,21:00,USD,WIF,0.8685005708
2025-08-19,21:00,USD,ADA,0.8450672734
2025-08-19,21:00,USD,BONK,0.00002143105237
2025-08-19,21:00,USD,BRL,0.18378
2025-08-19,21:00,USD,EUR,1.1676
2025-08-19,21:00,USD,SNEK,0.00455303673943
2025-08-19,21:00,USD,SOL,176.1138787285
2025-08-19,21:00,USD,WIF,0.8247566846
2025-08-20,21:00,USD,ADA,0.8808223642
2025-08-20,21:00,USD,BONK,0.00002225547355
2025-08-20,21:00,USD,BRL,0.18268
2025-08-20,21:00,USD,EUR,1.1652
2025-08-20,21:00,USD,SNEK,0.00465606411838
2025-08-20,21:00,USD,SOL,187.5863075789
2025-08-20,21:00,USD,WIF,0.8701233245
2025-08-21,21:00,USD,ADA,0.851018225
2025-08-21,21:00,USD,BONK,0.00002140781397
2025-08-21,21:00,USD,BRL,0.18237
2025-08-21,21:00,USD,EUR,1.1645
2025-08-21,21:00,USD,SNEK,0.00447807466972
2025-08-21,21:00,USD,SOL,180.2796993861
2025-08-21,21:00,USD,WIF,0.8496131473
2025-08-22,21:00,USD,ADA,0.9299192608
2025-08-22,21:00,USD,BONK,0.00002381236069
2025-08-22,21:00,USD,BRL,0.18304
2025-08-22,21:00,USD,EUR,1.1632
2025-08-22,21:00,USD,SNEK,0.00511010836486
2025-08-22,21:00,USD,SOL,200.6461638942
2025-08-22,21:00,USD,WIF,0.9323231242
2025-08-23,21:00,USD,ADA,0.9131476975
2025-08-23,21:00,USD,BONK,0.00002300501959
2025-08-23,21:00,USD,BRL,0.18307
2025-08-23,21:00,USD,EUR,1.1631
2025-08-23,21:00,USD,SNEK,0.00474432874624
2025-08-23,21:00,USD,SOL,203.9371535501
2025-08-23,21:00,USD,WIF,0.9040767097
2025-08-24,21:00,USD,ADA,0.9096094374
2025-08-24,21:00,USD,BONK,0.00002233075271
2025-08-24,21:00,USD,BRL,0.18307
2025-08-24,21:00,USD,EUR,1.1629
2025-08-24,21:00,USD,SNEK,0.00481018996762
2025-08-24,21:00,USD,SOL,205.8554333064
2025-08-24,21:00,USD,WIF,0.8644966242
2025-08-25,21:00,USD,ADA,0.8376267861
2025-08-25,21:00,USD,BONK,0.00001998013869
2025-08-25,21:00,USD,BRL,0.18406
2025-08-25,21:00,USD,EUR,1.1679
2025-08-25,21:00,USD,SNEK,0.00424695939964
2025-08-25,21:00,USD,SOL,187.2684191169
2025-08-25,21:00,USD,WIF,0.777857881
2025-08-26,21:00,USD,ADA,0.866677445
2025-08-26,21:00,USD,BONK,0.00002122045788
2025-08-26,21:00,USD,BRL,0.1846
2025-08-26,21:00,USD,EUR,1.1656
2025-08-26,21:00,USD,SNEK,0.00434014843558
2025-08-26,21:00,USD,SOL,195.9060113803
2025-08-26,21:00,USD,WIF,0.8125656442
2025-08-27,21:00,USD,ADA,0.8501602161
2025-08-27,21:00,USD,BONK,0.00002103596511
2025-08-27,21:00,USD,BRL,0.18409
2025-08-27,21:00,USD,EUR,1.1621
2025-08-27,21:00,USD,SNEK,0.00424707319986
2025-08-27,21:00,USD,SOL,202.9257006256
2025-08-27,21:00,USD,WIF,0.8169207992
2025-08-28,21:00,USD,ADA,0.8577577328
2025-08-28,21:00,USD,BONK,0.0000215837811
2025-08-28,21:00,USD,BRL,0.18459
2025-08-28,21:00,USD,EUR,1.1643
2025-08-28,21:00,USD,SNEK,0.00417382398329
2025-08-28,21:00,USD,SOL,214.4013378723
2025-08-28,21:00,USD,WIF,0.85163848
2025-08-29,21:00,USD,ADA,0.8271537463
2025-08-29,21:00,USD,BONK,0.00002179604202
2025-08-29,21:00,USD,BRL,0.18438
2025-08-29,21:00,USD,EUR,1.1671
2025-08-29,21:00,USD,SNEK,0.0039442742702
2025-08-29,21:00,USD,SOL,205.2144847253
2025-08-29,21:00,USD,WIF,0.7936094796
2025-08-30,21:00,USD,ADA,0.8224123783
2025-08-30,21:00,USD,BONK,0.00002233813481
2025-08-30,21:00,USD,BRL,0.18442
2025-08-30,21:00,USD,EUR,1.1673
2025-08-30,21:00,USD,SNEK,0.00384676618053
2025-08-30,21:00,USD,SOL,202.8571959086
2025-08-30,21:00,USD,WIF,0.806136692
2025-08-31,21:00,USD,ADA,0.8113643711
2025-08-31,21:00,USD,BONK,0.00002227002357
2025-08-31,21:00,USD,BRL,0.18442
2025-08-31,21:00,USD,EUR,1.1672
2025-08-31,21:00,USD,SNEK,0.00389587946736
2025-08-31,21:00,USD,SOL,200.8618689796
2025-08-31,21:00,USD,WIF,0.7849885638
2025-09-01,21:00,USD,ADA,0.800190258
2025-09-01,21:00,USD,BONK,0.00002023186269
2025-09-01,21:00,USD,BRL,0.18415
2025-09-01,21:00,USD,EUR,1.1699
2025-09-01,21:00,USD,SNEK,0.00362346606717
2025-09-01,21:00,USD,SOL,197.1095962832
2025-09-01,21:00,USD,WIF,0.7586367921
2025-09-02,21:00,USD,ADA,0.8345800857
2025-09-02,21:00,USD,BONK,0.00002056323055
2025-09-02,21:00,USD,BRL,0.18338
2025-09-02,21:00,USD,EUR,1.1675
2025-09-02,21:00,USD,SNEK,0.00379475832359
2025-09-02,21:00,USD,SOL,209.4827928237
2025-09-02,21:00,USD,WIF,0.818862552
2025-09-03,21:00,USD,ADA,0.8365299388
2025-09-03,21:00,USD,BONK,0.00002054659751
2025-09-03,21:00,USD,BRL,0.18326
2025-09-03,21:00,USD,EUR,1.1641
2025-09-03,21:00,USD,SNEK,0.00382390150023
2025-09-03,21:00,USD,SOL,210.7463007294
2025-09-03,21:00,USD,WIF,0.8165177185
2025-09-04,21:00,USD,ADA,0.8098698424
2025-09-04,21:00,USD,BONK,0.00001940111706
2025-09-04,21:00,USD,BRL,0.18318
2025-09-04,21:00,USD,EUR,1.1651
2025-09-04,21:00,USD,SNEK,0.00358320829647
2025-09-04,21:00,USD,SOL,202.5467327368
2025-09-04,21:00,USD,WIF,0.7841584699
2025-09-05,21:00,USD,ADA,0.8310694631
2025-09-05,21:00,USD,BONK,0.00002020735538
2025-09-05,21:00,USD,BRL,0.18399
2025-09-05,21:00,USD,EUR,1.1675
2025-09-05,21:00,USD,SNEK,0.00377002073812
2025-09-05,21:00,USD,SOL,203.4985170428
2025-09-05,21:00,USD,WIF,0.8189757775
2025-09-06,21:00,USD,ADA,0.8184522152
2025-09-06,21:00,USD,BONK,0.00001992825757
2025-09-06,21:00,USD,BRL,0.18403
2025-09-06,21:00,USD,EUR,1.1679
2025-09-06,21:00,USD,SNEK,0.00372792987411
2025-09-06,21:00,USD,SOL,200.2473591756
2025-09-06,21:00,USD,WIF,0.8153707587
2025-09-07,21:00,USD,ADA,0.8350592296
2025-09-07,21:00,USD,BONK,0.00002099443907
2025-09-07,21:00,USD,BRL,0.18403
2025-09-07,21:00,USD,EUR,1.1681
2025-09-07,21:00,USD,SNEK,0.00384466789118
2025-09-07,21:00,USD,SOL,206.4645327917
2025-09-07,21:00,USD,WIF,0.832145977
2025-09-08,21:00,USD,ADA,0.8650574517
2025-09-08,21:00,USD,BONK,0.00002325971098
2025-09-08,21:00,USD,BRL,0.18445
2025-09-08,21:00,USD,EUR,1.1721
2025-09-08,21:00,USD,SNEK,0.00410060472491
2025-09-08,21:00,USD,SOL,214.1865417401
2025-09-08,21:00,USD,WIF,0.8703455795
2025-09-09,21:00,USD,ADA,0.8650263267
2025-09-09,21:00,USD,BONK,0.000022728814
2025-09-09,21:00,USD,BRL,0.18439
2025-09-09,21:00,USD,EUR,1.1744
2025-09-09,21:00,USD,SNEK,0.0041261353529
2025-09-09,21:00,USD,SOL,217.2503916931
2025-09-09,21:00,USD,WIF,0.874904724
2025-09-10,21:00,USD,ADA,0.8847005497
2025-09-10,21:00,USD,BONK,0.0000232014405
2025-09-10,21:00,USD,BRL,0.18429
2025-09-10,21:00,USD,EUR,1.172
2025-09-10,21:00,USD,SNEK,0.00444348695875
2025-09-10,21:00,USD,SOL,223.985688409
2025-09-10,21:00,USD,WIF,0.8949530611
2025-09-11,21:00,USD,ADA,0.8942068805
2025-09-11,21:00,USD,BONK,0.0000244271916
2025-09-11,21:00,USD,BRL,0.18481
2025-09-11,21:00,USD,EUR,1.1705
2025-09-11,21:00,USD,SNEK,0.00440911008192
2025-09-11,21:00,USD,SOL,228.7562411456
2025-09-11,21:00,USD,WIF,0.908276507
2025-09-12,21:00,USD,ADA,0.9170853918
2025-09-12,21:00,USD,BONK,0.00002561751272
2025-09-12,21:00,USD,BRL,0.18556
2025-09-12,21:00,USD,EUR,1.1715
2025-09-12,21:00,USD,SNEK,0.00469106272311
2025-09-12,21:00,USD,SOL,242.3009725925
2025-09-12,21:00,USD,WIF,0.9511605093
2025-09-13,21:00,USD,ADA,0.9298434459
2025-09-13,21:00,USD,BONK,0.00002608373426
2025-09-13,21:00,USD,BRL,0.1856
2025-09-13,21:00,USD,EUR,1.1718
2025-09-13,21:00,USD,SNEK,0.0047649290296
2025-09-13,21:00,USD,SOL,242.5955950942
2025-09-13,21:00,USD,WIF,0.9766965156
2025-09-14,21:00,USD,ADA,0.8889876768
2025-09-14,21:00,USD,BONK,0.0000246332144
2025-09-14,21:00,USD,BRL,0.1856
2025-09-14,21:00,USD,EUR,1.1719
2025-09-14,21:00,USD,SNEK,0.00451774468698
2025-09-14,21:00,USD,SOL,240.5481024568
2025-09-14,21:00,USD,WIF,0.9297449574
2025-09-15,21:00,USD,ADA,0.8635084982
2025-09-15,21:00,USD,BONK,0.00002325919565
2025-09-15,21:00,USD,BRL,0.18696
2025-09-15,21:00,USD,EUR,1.1741
2025-09-15,21:00,USD,SNEK,0.00424222099571
2025-09-15,21:00,USD,SOL,234.3592228935
2025-09-15,21:00,USD,WIF,0.879618363
2025-09-16,21:00,USD,ADA,0.8806873898
2025-09-16,21:00,USD,BONK,0.00002418228531
2025-09-16,21:00,USD,BRL,0.18798
2025-09-16,21:00,USD,EUR,1.1785
2025-09-16,21:00,USD,SNEK,0.00421943531078
2025-09-16,21:00,USD,SOL,236.9775289101
2025-09-16,21:00,USD,WIF,0.9618978484
2025-09-17,21:00,USD,ADA,0.913106385
2025-09-17,21:00,USD,BONK,0.00002542262454
2025-09-17,21:00,USD,BRL,0.18855
2025-09-17,21:00,USD,EUR,1.1838
2025-09-17,21:00,USD,SNEK,0.00439939153478
2025-09-17,21:00,USD,SOL,244.851310292
2025-09-17,21:00,USD,WIF,0.9612041979
2025-09-18,21:00,USD,ADA,0.9253563747
2025-09-18,21:00,USD,BONK,0.00002530218213
2025-09-18,21:00,USD,BRL,0.18881
2025-09-18,21:00,USD,EUR,1.1822
2025-09-18,21:00,USD,SNEK,0.00434554331837
2025-09-18,21:00,USD,SOL,247.6382514276
2025-09-18,21:00,USD,WIF,0.9556196548
2025-09-19,21:00,USD,ADA,0.89093268
2025-09-19,21:00,USD,BONK,0.00002375742579
2025-09-19,21:00,USD,BRL,0.18805
2025-09-19,21:00,USD,EUR,1.1779
2025-09-19,21:00,USD,SNEK,0.00413367090303
2025-09-19,21:00,USD,SOL,238.5497546726
2025-09-19,21:00,USD,WIF,0.8984203841
2025-09-20,21:00,USD,ADA,0.8939337155
2025-09-20,21:00,USD,BONK,0.00002310185298
2025-09-20,21:00,USD,BRL,0.18797
2025-09-20,21:00,USD,EUR,1.1772
2025-09-20,21:00,USD,SNEK,0.00411743403732
2025-09-20,21:00,USD,SOL,239.59330346
2025-09-20,21:00,USD,WIF,0.8989955412
2025-09-21,21:00,USD,ADA,0.8852602758
2025-09-21,21:00,USD,BONK,0.00002236742845
2025-09-21,21:00,USD,BRL,0.18796
2025-09-21,21:00,USD,EUR,1.177
2025-09-21,21:00,USD,SNEK,0.00406506753075
2025-09-21,21:00,USD,SOL,236.5742247968
2025-09-21,21:00,USD,WIF,0.8783195381
2025-09-22,21:00,USD,ADA,0.8257668994
2025-09-22,21:00,USD,BONK,0.00002060435883
2025-09-22,21:00,USD,BRL,0.18753
2025-09-22,21:00,USD,EUR,1.1768
2025-09-22,21:00,USD,SNEK,0.00383609142469
2025-09-22,21:00,USD,SOL,220.5039116491
2025-09-22,21:00,USD,WIF,0.7952017988
2025-09-23,21:00,USD,ADA,0.8076212811
2025-09-23,21:00,USD,BONK,0.000020333583
2025-09-23,21:00,USD,BRL,0.18766
2025-09-23,21:00,USD,EUR,1.1794
2025-09-23,21:00,USD,SNEK,0.00367542618254
2025-09-23,21:00,USD,SOL,213.7107183388
2025-09-23,21:00,USD,WIF,0.7832044839
2025-09-24,21:00,USD,ADA,0.8131890538
2025-09-24,21:00,USD,BONK,0.00002023061299
2025-09-24,21:00,USD,BRL,0.18841
2025-09-24,21:00,USD,EUR,1.1781
2025-09-24,21:00,USD,SNEK,0.00381060838323
2025-09-24,21:00,USD,SOL,211.7534444354
2025-09-24,21:00,USD,WIF,0.787972125
2025-09-25,21:00,USD,ADA,0.7627807022
2025-09-25,21:00,USD,BONK,0.00001882292569
2025-09-25,21:00,USD,BRL,0.18784
2025-09-25,21:00,USD,EUR,1.1744
2025-09-25,21:00,USD,SNEK,0.00355475885444
2025-09-25,21:00,USD,SOL,192.3979643948
2025-09-25,21:00,USD,WIF,0.7284959012
2025-09-26,21:00,USD,ADA,0.792189636
2025-09-26,21:00,USD,BONK,0.00001966417618
2025-09-26,21:00,USD,BRL,0.18688
2025-09-26,21:00,USD,EUR,1.1692
2025-09-26,21:00,USD,SNEK,0.0036983349669
2025-09-26,21:00,USD,SOL,205.3451836233
2025-09-26,21:00,USD,WIF,0.7543051455
2025-09-27,21:00,USD,ADA,0.7817024551
2025-09-27,21:00,USD,BONK,0.000019111184
2025-09-27,21:00,USD,BRL,0.1868
2025-09-27,21:00,USD,EUR,1.1687
2025-09-27,21:00,USD,SNEK,0.00372093215254
2025-09-27,21:00,USD,SOL,203.5832427147
2025-09-27,21:00,USD,WIF,0.7362714996
2025-09-28,21:00,USD,ADA,0.8081649664
2025-09-28,21:00,USD,BONK,0.00001957405818
2025-09-28,21:00,USD,BRL,0.1868
2025-09-28,21:00,USD,EUR,1.1686
2025-09-28,21:00,USD,SNEK,0.00382660113676
2025-09-28,21:00,USD,SOL,210.7397256914
2025-09-28,21:00,USD,WIF,0.7459456037
2025-09-29,21:00,USD,ADA,0.8067921385
2025-09-29,21:00,USD,BONK,0.00001941757697
2025-09-29,21:00,USD,BRL,0.18727
2025-09-29,21:00,USD,EUR,1.1714
2025-09-29,21:00,USD,SNEK,0.00383727501316
2025-09-29,21:00,USD,SOL,213.0449618514
2025-09-29,21:00,USD,WIF,0.7287673326
2025-09-30,21:00,USD,ADA,0.8072027128
2025-09-30,21:00,USD,BONK,0.00001914590172
2025-09-30,21:00,USD,BRL,0.18777
2025-09-30,21:00,USD,EUR,1.1731
2025-09-30,21:00,USD,SNEK,0.00377637236237
2025-09-30,21:00,USD,SOL,208.7422357506
2025-09-30,21:00,USD,WIF,0.7276760797
2025-10-01,21:00,USD,ADA,0.8500352167
2025-10-01,21:00,USD,BONK,0.00002054672574
2025-10-01,21:00,USD,BRL,0.18794
2025-10-01,21:00,USD,EUR,1.1738
2025-10-01,21:00,USD,SNEK,0.00395639081494
2025-10-01,21:00,USD,SOL,221.6947267047
2025-10-01,21:00,USD,WIF,0.7641943082
2025-10-02,21:00,USD,ADA,0.870314864
2025-10-02,21:00,USD,BONK,0.00002082906379
2025-10-02,21:00,USD,BRL,0.1877
2025-10-02,21:00,USD,EUR,1.1745
2025-10-02,21:00,USD,SNEK,0.00425000329901
2025-10-02,21:00,USD,SOL,234.8539818329
2025-10-02,21:00,USD,WIF,0.7887445361
2025-10-03,21:00,USD,ADA,0.8663185715
2025-10-03,21:00,USD,BONK,0.00002084162798
2025-10-03,21:00,USD,BRL,0.18725
2025-10-03,21:00,USD,EUR,1.1742
2025-10-03,21:00,USD,SNEK,0.00417877423133
2025-10-03,21:00,USD,SOL,233.0009716452
2025-10-03,21:00,USD,WIF,0.7859557863
2025-10-04,21:00,USD,ADA,0.8399213235
2025-10-04,21:00,USD,BONK,0.0000200196999
2025-10-04,21:00,USD,BRL,0.18721
2025-10-04,21:00,USD,EUR,1.1741
2025-10-04,21:00,USD,SNEK,0.00409989355008
2025-10-04,21:00,USD,SOL,228.0024968678
2025-10-04,21:00,USD,WIF,0.7546998874
2025-10-05,21:00,USD,ADA,0.837354775
2025-10-05,21:00,USD,BONK,0.00001974881702
2025-10-05,21:00,USD,BRL,0.18721
2025-10-05,21:00,USD,EUR,1.1741
2025-10-05,21:00,USD,SNEK,0.00409447044994
2025-10-05,21:00,USD,SOL,228.6011037508
2025-10-05,21:00,USD,WIF,0.7629465303
2025-10-06,21:00,USD,ADA,0.8718149219
2025-10-06,21:00,USD,BONK,0.00002175230362
2025-10-06,21:00,USD,BRL,0.18747
2025-10-06,21:00,USD,EUR,1.1714
2025-10-06,21:00,USD,SNEK,0.00424096455765
2025-10-06,21:00,USD,SOL,232.5147634633
2025-10-06,21:00,USD,WIF,0.802913947
2025-10-07,21:00,USD,ADA,0.8209049388
2025-10-07,21:00,USD,BONK,0.00001982213348
2025-10-07,21:00,USD,BRL,0.18762
2025-10-07,21:00,USD,EUR,1.1684
2025-10-07,21:00,USD,SNEK,0.00398379077355
2025-10-07,21:00,USD,SOL,220.4855437691
2025-10-07,21:00,USD,WIF,0.7367300263
2025-10-08,21:00,USD,ADA,0.838910823
2025-10-08,21:00,USD,BONK,0.00002017312726
2025-10-08,21:00,USD,BRL,0.18705
2025-10-08,21:00,USD,EUR,1.165
2025-10-08,21:00,USD,SNEK,0.0040667286352
2025-10-08,21:00,USD,SOL,229.0968712345
2025-10-08,21:00,USD,WIF,0.7452796322
2025-10-09,21:00,USD,ADA,0.8156430173
2025-10-09,21:00,USD,BONK,0.00001895263821
2025-10-09,21:00,USD,BRL,0.18706
2025-10-09,21:00,USD,EUR,1.1626
2025-10-09,21:00,USD,SNEK,0.00390598387308
2025-10-09,21:00,USD,SOL,220.9930632638
2025-10-09,21:00,USD,WIF,0.706907315
2025-10-10,21:00,USD,ADA,0.6348353092
2025-10-10,21:00,USD,BONK,0.00001309573106
2025-10-10,21:00,USD,BRL,0.18575
2025-10-10,21:00,USD,EUR,1.1592
2025-10-10,21:00,USD,SNEK,0.00306774648203
2025-10-10,21:00,USD,SOL,188.638905706
2025-10-10,21:00,USD,WIF,0.4608483006
2025-10-11,21:00,USD,ADA,0.6321429138
2025-10-11,21:00,USD,BONK,0.00001352100681
2025-10-11,21:00,USD,BRL,0.18569
2025-10-11,21:00,USD,EUR,1.1589
2025-10-11,21:00,USD,SNEK,0.00300402059062
2025-10-11,21:00,USD,SOL,178.0562037066
2025-10-11,21:00,USD,WIF,0.480318098
2025-10-12,21:00,USD,ADA,0.7015305912
2025-10-12,21:00,USD,BONK,0.0000154983571
2025-10-12,21:00,USD,BRL,0.18569
2025-10-12,21:00,USD,EUR,1.1588
2025-10-12,21:00,USD,SNEK,0.00345413955475
2025-10-12,21:00,USD,SOL,197.5121851125
2025-10-12,21:00,USD,WIF,0.5529369671
2025-10-13,21:00,USD,ADA,0.7292620018
2025-10-13,21:00,USD,BONK,0.00001671594423
2025-10-13,21:00,USD,BRL,0.18294
2025-10-13,21:00,USD,EUR,1.1594
2025-10-13,21:00,USD,SNEK,0.00356950329823
2025-10-13,21:00,USD,SOL,208.3635591608
2025-10-13,21:00,USD,WIF,0.6048606758
2025-10-14,21:00,USD,ADA,0.6996931874
2025-10-14,21:00,USD,BONK,0.00001629296973
2025-10-14,21:00,USD,BRL,0.18227
2025-10-14,21:00,USD,EUR,1.1576
2025-10-14,21:00,USD,SNEK,0.00335853939112
2025-10-14,21:00,USD,SOL,202.461870332
2025-10-14,21:00,USD,WIF,0.582519333
2025-10-15,21:00,USD,ADA,0.6688004145
2025-10-15,21:00,USD,BONK,0.00001514401898
2025-10-15,21:00,USD,BRL,0.18282
2025-10-15,21:00,USD,EUR,1.1613
2025-10-15,21:00,USD,SNEK,0.00315627411482
2025-10-15,21:00,USD,SOL,194.0218690607
2025-10-15,21:00,USD,WIF,0.5426253682
2025-10-16,21:00,USD,ADA,0.6449440542
2025-10-16,21:00,USD,BONK,0.00001434027067
2025-10-16,21:00,USD,BRL,0.18335
2025-10-16,21:00,USD,EUR,1.1656
2025-10-16,21:00,USD,SNEK,0.00302901811922
2025-10-16,21:00,USD,SOL,184.6862020377
2025-10-16,21:00,USD,WIF,0.5229625283
2025-10-17,21:00,USD,ADA,0.6248483525
2025-10-17,21:00,USD,BONK,0.00001409601237
2025-10-17,21:00,USD,BRL,0.18387
2025-10-17,21:00,USD,EUR,1.1683
2025-10-17,21:00,USD,SNEK,0.00291015501119
2025-10-17,21:00,USD,SOL,182.0361631552
2025-10-17,21:00,USD,WIF,0.506519113
2025-10-18,21:00,USD,ADA,0.6344608629
2025-10-18,21:00,USD,BONK,0.00001426227393
2025-10-18,21:00,USD,BRL,0.1839
2025-10-18,21:00,USD,EUR,1.1685
2025-10-18,21:00,USD,SNEK,0.002981004571
2025-10-18,21:00,USD,SOL,187.6602866627
2025-10-18,21:00,USD,WIF,0.5162609703
2025-10-19,21:00,USD,ADA,0.6525495303
2025-10-19,21:00,USD,BONK,0.00001462768714
2025-10-19,21:00,USD,BRL,0.1839
2025-10-19,21:00,USD,EUR,1.1686
2025-10-19,21:00,USD,SNEK,0.0030812131812
2025-10-19,21:00,USD,SOL,187.7983088364
2025-10-19,21:00,USD,WIF,0.5314646
2025-10-20,21:00,USD,ADA,0.6632140051
2025-10-20,21:00,USD,BONK,0.00001495011288
2025-10-20,21:00,USD,BRL,0.18489
2025-10-20,21:00,USD,EUR,1.1672
2025-10-20,21:00,USD,SNEK,0.00301219381691
2025-10-20,21:00,USD,SOL,189.7620433235
2025-10-20,21:00,USD,WIF,0.5417435259
2025-10-21,21:00,USD,ADA,0.6429210973
2025-10-21,21:00,USD,BONK,0.00001439790901
2025-10-21,21:00,USD,BRL,0.18562
2025-10-21,21:00,USD,EUR,1.1638
2025-10-21,21:00,USD,SNEK,0.0027104833048
2025-10-21,21:00,USD,SOL,185.667334517
2025-10-21,21:00,USD,WIF,0.5268154562
2025-10-22,21:00,USD,ADA,0.6239717999
2025-10-22,21:00,USD,BONK,0.00001385455627
2025-10-22,21:00,USD,BRL,0.18562
2025-10-22,21:00,USD,EUR,1.1613
2025-10-22,21:00,USD,SNEK,0.00245388101988
2025-10-22,21:00,USD,SOL,180.148129699
2025-10-22,21:00,USD,WIF,0.4916259323
2025-10-23,21:00,USD,ADA,0.6428494643
2025-10-23,21:00,USD,BONK,0.00001453664626
2025-10-23,21:00,USD,BRL,0.1855
2025-10-23,21:00,USD,EUR,1.1608
2025-10-23,21:00,USD,SNEK,0.00258179643901
2025-10-23,21:00,USD,SOL,191.3885960887
2025-10-23,21:00,USD,WIF,0.5249728507
2025-10-24,21:00,USD,ADA,0.6558939295
2025-10-24,21:00,USD,BONK,0.00001488586389
2025-10-24,21:00,USD,BRL,0.18558
2025-10-24,21:00,USD,EUR,1.1613
2025-10-24,21:00,USD,SNEK,0.00258183082917
2025-10-24,21:00,USD,SOL,193.5608235083
2025-10-24,21:00,USD,WIF,0.5453021818
2025-10-25,21:00,USD,ADA,0.6546639116
2025-10-25,21:00,USD,BONK,0.00001488303495
2025-10-25,21:00,USD,BRL,0.1856
2025-10-25,21:00,USD,EUR,1.1615
2025-10-25,21:00,USD,SNEK,0.00260911634145
2025-10-25,21:00,USD,SOL,194.0375876285
2025-10-25,21:00,USD,WIF,0.5475355504
2025-10-26,21:00,USD,ADA,0.6810596893
2025-10-26,21:00,USD,BONK,0.00001535247619
2025-10-26,21:00,USD,BRL,0.1856
2025-10-26,21:00,USD,EUR,1.1616
2025-10-26,21:00,USD,SNEK,0.00283044040723
2025-10-26,21:00,USD,SOL,200.0274812644
2025-10-26,21:00,USD,WIF,0.5683041474
2025-10-27,21:00,USD,ADA,0.6673632962
2025-10-27,21:00,USD,BONK,0.00001484754522
2025-10-27,21:00,USD,BRL,0.18586
2025-10-27,21:00,USD,EUR,1.1634
2025-10-27,21:00,USD,SNEK,0.00275989981249
2025-10-27,21:00,USD,SOL,198.7409937083
2025-10-27,21:00,USD,WIF,0.5525999282
2025-10-28,21:00,USD,ADA,0.6462598893
2025-10-28,21:00,USD,BONK,0.00001436149795
2025-10-28,21:00,USD,BRL,0.18603
2025-10-28,21:00,USD,EUR,1.1651
2025-10-28,21:00,USD,SNEK,0.00260316504016
2025-10-28,21:00,USD,SOL,194.4336191456
2025-10-28,21:00,USD,WIF,0.5332938344
2025-10-29,21:00,USD,ADA,0.6401617524
2025-10-29,21:00,USD,BONK,0.00001451245929
2025-10-29,21:00,USD,BRL,0.18667
2025-10-29,21:00,USD,EUR,1.1646
2025-10-29,21:00,USD,SNEK,0.0025292810328
2025-10-29,21:00,USD,SOL,194.4001778725
2025-10-29,21:00,USD,WIF,0.5383216218
2025-10-30,21:00,USD,ADA,0.6011504251
2025-10-30,21:00,USD,BONK,0.00001312903491
2025-10-30,21:00,USD,BRL,0.18611
2025-10-30,21:00,USD,EUR,1.1611
2025-10-30,21:00,USD,SNEK,0.00222151527406
2025-10-30,21:00,USD,SOL,184.6289493857
2025-10-30,21:00,USD,WIF,0.4927375018
2025-10-31,21:00,USD,ADA,0.6091649697
2025-10-31,21:00,USD,BONK,0.00001397412806
2025-10-31,21:00,USD,BRL,0.18592
2025-10-31,21:00,USD,EUR,1.1581
2025-10-31,21:00,USD,SNEK,0.00232282077419
2025-10-31,21:00,USD,SOL,187.2092642944
2025-10-31,21:00,USD,WIF,0.5145962314
2025-11-01,21:00,USD,ADA,0.6122016148
2025-11-01,21:00,USD,BONK,0.00001423005446
2025-11-01,21:00,USD,BRL,0.18591
2025-11-01,21:00,USD,EUR,1.1579
2025-11-01,21:00,USD,SNEK,0.00231905873893
2025-11-01,21:00,USD,SOL,186.3796531724
2025-11-01,21:00,USD,WIF,0.5352351816
2025-11-02,21:00,USD,ADA,0.6107915299
2025-11-02,21:00,USD,BONK,0.00001433908218
2025-11-02,21:00,USD,BRL,0.18591
2025-11-02,21:00,USD,EUR,1.1578
2025-11-02,21:00,USD,SNEK,0.00228556700148
2025-11-02,21:00,USD,SOL,187.8260456575
2025-11-02,21:00,USD,WIF,0.5453839538
2025-11-03,21:00,USD,ADA,0.5523071704
2025-11-03,21:00,USD,BONK,0.00001194000119
2025-11-03,21:00,USD,BRL,0.18628
2025-11-03,21:00,USD,EUR,1.1545
2025-11-03,21:00,USD,SNEK,0.00197457647248
2025-11-03,21:00,USD,SOL,166.0955325812
2025-11-03,21:00,USD,WIF,0.4403605872
2025-11-04,21:00,USD,ADA,0.5214889408
2025-11-04,21:00,USD,BONK,0.00001149761154
2025-11-04,21:00,USD,BRL,0.186
2025-11-04,21:00,USD,EUR,1.1518
2025-11-04,21:00,USD,SNEK,0.00179467700917
2025-11-04,21:00,USD,SOL,155.3994648702
2025-11-04,21:00,USD,WIF,0.4027335188
2025-11-05,21:00,USD,ADA,0.5461382234
2025-11-05,21:00,USD,BONK,0.00001227767155
2025-11-05,21:00,USD,BRL,0.1857
2025-11-05,21:00,USD,EUR,1.1505
2025-11-05,21:00,USD,SNEK,0.00205580391651
2025-11-05,21:00,USD,SOL,162.5633875456
2025-11-05,21:00,USD,WIF,0.4377395285
2025-11-06,21:00,USD,ADA,0.5309915173
2025-11-06,21:00,USD,BONK,0.00001196028364
2025-11-06,21:00,USD,BRL,0.18651
2025-11-06,21:00,USD,EUR,1.1513
2025-11-06,21:00,USD,SNEK,0.00197139095056
2025-11-06,21:00,USD,SOL,155.0664009873
2025-11-06,21:00,USD,WIF,0.4241924132
2025-11-07,21:00,USD,ADA,0.5759687966
2025-11-07,21:00,USD,BONK,0.00001330580307
2025-11-07,21:00,USD,BRL,0.18664
2025-11-07,21:00,USD,EUR,1.1548
2025-11-07,21:00,USD,SNEK,0.00218321128709
2025-11-07,21:00,USD,SOL,161.708522723
2025-11-07,21:00,USD,WIF,0.4795907232
2025-11-08,21:00,USD,ADA,0.5684447801
2025-11-08,21:00,USD,BONK,0.00001292309291
2025-11-08,21:00,USD,BRL,0.18662
2025-11-08,21:00,USD,EUR,1.1551
2025-11-08,21:00,USD,SNEK,0.00202066399893
2025-11-08,21:00,USD,SOL,158.1029740079
2025-11-08,21:00,USD,WIF,0.4754284613
2025-11-09,21:00,USD,ADA,0.5786677252
2025-11-09,21:00,USD,BONK,0.0000129467915
2025-11-09,21:00,USD,BRL,0.18662
2025-11-09,21:00,USD,EUR,1.1552
2025-11-09,21:00,USD,SNEK,0.00205984933838
2025-11-09,21:00,USD,SOL,164.4512637644
2025-11-09,21:00,USD,WIF,0.4803385121
2025-11-10,21:00,USD,ADA,0.5929806797
2025-11-10,21:00,USD,BONK,0.00001348158583
2025-11-10,21:00,USD,BRL,0.18759
2025-11-10,21:00,USD,EUR,1.1571
2025-11-10,21:00,USD,SNEK,0.00213359087961
2025-11-10,21:00,USD,SOL,167.3673350227
2025-11-10,21:00,USD,WIF,0.4976297482
2025-11-11,21:00,USD,ADA,0.556525304
2025-11-11,21:00,USD,BONK,0.00001230195427
2025-11-11,21:00,USD,BRL,0.18859
2025-11-11,21:00,USD,EUR,1.1577
2025-11-11,21:00,USD,SNEK,0.00193930617792
2025-11-11,21:00,USD,SOL,154.5633441571
2025-11-11,21:00,USD,WIF,0.4604234444
2025-11-12,21:00,USD,ADA,0.5452644231
2025-11-12,21:00,USD,BONK,0.00001209320547
2025-11-12,21:00,USD,BRL,0.18931
2025-11-12,21:00,USD,EUR,1.1583
2025-11-12,21:00,USD,SNEK,0.00191102675987
2025-11-12,21:00,USD,SOL,153.2600503792
2025-11-12,21:00,USD,WIF,0.4466036003
2025-11-13,21:00,USD,ADA,0.5310982398
2025-11-13,21:00,USD,BONK,0.0000116392862
2025-11-13,21:00,USD,BRL,0.18917
2025-11-13,21:00,USD,EUR,1.1608
2025-11-13,21:00,USD,SNEK,0.00182349059946
2025-11-13,21:00,USD,SOL,145.1084741613
2025-11-13,21:00,USD,WIF,0.4422742962
2025-11-14,21:00,USD,ADA,0.4984282886
2025-11-14,21:00,USD,BONK,0.0000109926316
2025-11-14,21:00,USD,BRL,0.18882
2025-11-14,21:00,USD,EUR,1.1637
2025-11-14,21:00,USD,SNEK,0.00167976604475
2025-11-14,21:00,USD,SOL,138.6766046475
2025-11-14,21:00,USD,WIF,0.4035000345
2025-11-15,21:00,USD,ADA,0.5034041718
2025-11-15,21:00,USD,BONK,0.00001105118381
2025-11-15,21:00,USD,BRL,0.18879
2025-11-15,21:00,USD,EUR,1.1639
2025-11-15,21:00,USD,SNEK,0.00165431924694
2025-11-15,21:00,USD,SOL,139.5326721644
2025-11-15,21:00,USD,WIF,0.4241113672
2025-11-16,21:00,USD,ADA,0.4848321535
2025-11-16,21:00,USD,BONK,0.00001059787383
2025-11-16,21:00,USD,BRL,0.18879
2025-11-16,21:00,USD,EUR,1.1639
2025-11-16,21:00,USD,SNEK,0.00165856525163
2025-11-16,21:00,USD,SOL,137.2653445453
2025-11-16,21:00,USD,WIF,0.4100512843
2025-11-17,21:00,USD,ADA,0.4655301761
2025-11-17,21:00,USD,BONK,0.00001010978997
2025-11-17,21:00,USD,BRL,0.18857
2025-11-17,21:00,USD,EUR,1.1614
2025-11-17,21:00,USD,SNEK,0.00149846647063
2025-11-17,21:00,USD,SOL,130.8486942226
2025-11-17,21:00,USD,WIF,0.3880400114
2025-11-18,21:00,USD,ADA,0.4749717636
2025-11-18,21:00,USD,BONK,0.00001047546481
2025-11-18,21:00,USD,BRL,0.18779
2025-11-18,21:00,USD,EUR,1.1597
2025-11-18,21:00,USD,SNEK,0.00171932313331
2025-11-18,21:00,USD,SOL,140.7143850774
2025-11-18,21:00,USD,WIF,0.4164816186
2025-11-19,21:00,USD,ADA,0.463238429
2025-11-19,21:00,USD,BONK,0.00001007496159
2025-11-19,21:00,USD,BRL,0.1876
2025-11-19,21:00,USD,EUR,1.1585
2025-11-19,21:00,USD,SNEK,0.00166202986846
2025-11-19,21:00,USD,SOL,136.7677545029
2025-11-19,21:00,USD,WIF,0.3972176688
2025-11-20,21:00,USD,ADA,0.4323322399
2025-11-20,21:00,USD,BONK,0.00000957651863
2025-11-20,21:00,USD,BRL,0.18752
2025-11-20,21:00,USD,EUR,1.1546
2025-11-20,21:00,USD,SNEK,0.0015110063723
2025-11-20,21:00,USD,SOL,133.513954623
2025-11-20,21:00,USD,WIF,0.3781940736
2025-11-21,21:00,USD,ADA,0.4091655794
2025-11-21,21:00,USD,BONK,0.00000884836901
2025-11-21,21:00,USD,BRL,0.18667
2025-11-21,21:00,USD,EUR,1.1535
2025-11-21,21:00,USD,SNEK,0.00136453115001
2025-11-21,21:00,USD,SOL,128.4985615649
2025-11-21,21:00,USD,WIF,0.3283150736
2025-11-22,21:00,USD,ADA,0.4046086002
2025-11-22,21:00,USD,BONK,0.00000871275817
2025-11-22,21:00,USD,BRL,0.18662
2025-11-22,21:00,USD,EUR,1.1534
2025-11-22,21:00,USD,SNEK,0.00141334934854
2025-11-22,21:00,USD,SOL,127.5511304794
2025-11-22,21:00,USD,WIF,0.3323473981
2025-11-23,21:00,USD,ADA,0.408558165
2025-11-23,21:00,USD,BONK,0.00000886729937
2025-11-23,21:00,USD,BRL,0.18662
2025-11-23,21:00,USD,EUR,1.1534
2025-11-23,21:00,USD,SNEK,0.00150112236313
2025-11-23,21:00,USD,SOL,130.7060375058
2025-11-23,21:00,USD,WIF,0.3348275689
2025-11-24,21:00,USD,ADA,0.4278425183
2025-11-24,21:00,USD,BONK,0.00001014801229
2025-11-24,21:00,USD,BRL,0.18575
2025-11-24,21:00,USD,EUR,1.1535
2025-11-24,21:00,USD,SNEK,0.00155592557053
2025-11-24,21:00,USD,SOL,138.3788956524
2025-11-24,21:00,USD,WIF,0.3762341909
2025-11-25,21:00,USD,ADA,0.4216169758
2025-11-25,21:00,USD,BONK,0.000009744942
2025-11-25,21:00,USD,BRL,0.1857
2025-11-25,21:00,USD,EUR,1.154
2025-11-25,21:00,USD,SNEK,0.00154393231994
2025-11-25,21:00,USD,SOL,138.8898703305
2025-11-25,21:00,USD,WIF,0.3661829853
2025-11-26,21:00,USD,ADA,0.43562198
2025-11-26,21:00,USD,BONK,0.00001002120569
2025-11-26,21:00,USD,BRL,0.18597
2025-11-26,21:00,USD,EUR,1.1578
2025-11-26,21:00,USD,SNEK,0.00153126563318
2025-11-26,21:00,USD,SOL,143.0125271227
2025-11-26,21:00,USD,WIF,0.3866456112
2025-11-27,21:00,USD,ADA,0.4336793466
2025-11-27,21:00,USD,BONK,0.00000990429348
2025-11-27,21:00,USD,BRL,0.1868
2025-11-27,21:00,USD,EUR,1.1595
2025-11-27,21:00,USD,SNEK,0.00155805808505
2025-11-27,21:00,USD,SOL,140.8464826647
2025-11-27,21:00,USD,WIF,0.3834540582
2025-11-28,21:00,USD,ADA,0.4202285057
2025-11-28,21:00,USD,BONK,0.00000980279264
2025-11-28,21:00,USD,BRL,0.18705
2025-11-28,21:00,USD,EUR,1.1587
2025-11-28,21:00,USD,SNEK,0.00150602278878
2025-11-28,21:00,USD,SOL,137.3906471089
2025-11-28,21:00,USD,WIF,0.381351786
2025-11-29,21:00,USD,ADA,0.415376294
2025-11-29,21:00,USD,BONK,0.00000965006146
2025-11-29,21:00,USD,BRL,0.18704
2025-11-29,21:00,USD,EUR,1.1585
2025-11-29,21:00,USD,SNEK,0.00155422494406
2025-11-29,21:00,USD,SOL,136.0821125807
2025-11-29,21:00,USD,WIF,0.3803949201
2025-11-30,21:00,USD,ADA,0.4158931468
2025-11-30,21:00,USD,BONK,0.00000940963079
2025-11-30,21:00,USD,BRL,0.18705
2025-11-30,21:00,USD,EUR,1.1585
2025-11-30,21:00,USD,SNEK,0.00158780813932
2025-11-30,21:00,USD,SOL,133.5648213708
2025-11-30,21:00,USD,WIF,0.3675699025
2025-12-01,21:00,USD,ADA,0.385714421
2025-12-01,21:00,USD,BONK,0.00000880858203
2025-12-01,21:00,USD,BRL,0.18703
2025-12-01,21:00,USD,EUR,1.1607
2025-12-01,21:00,USD,SNEK,0.00133283201532
2025-12-01,21:00,USD,SOL,126.7086164808
2025-12-01,21:00,USD,WIF,0.3455811601
2025-12-02,21:00,USD,ADA,0.4339540439
2025-12-02,21:00,USD,BONK,0.00000982570408
2025-12-02,21:00,USD,BRL,0.18691
2025-12-02,21:00,USD,EUR,1.1622
2025-12-02,21:00,USD,SNEK,0.001511693592
2025-12-02,21:00,USD,SOL,138.6730947804
2025-12-02,21:00,USD,WIF,0.4037105171
2025-12-03,21:00,USD,ADA,0.4507509962
2025-12-03,21:00,USD,BONK,0.00001002859988
2025-12-03,21:00,USD,BRL,0.18766
2025-12-03,21:00,USD,EUR,1.1643
2025-12-03,21:00,USD,SNEK,0.00153557752525
2025-12-03,21:00,USD,SOL,144.8915467997
2025-12-03,21:00,USD,WIF,0.3994336584
2025-12-04,21:00,USD,ADA,0.4394520316
2025-12-04,21:00,USD,BONK,0.00000962561111
2025-12-04,21:00,USD,BRL,0.18824
2025-12-04,21:00,USD,EUR,1.1667
2025-12-04,21:00,USD,SNEK,0.00148770971509
2025-12-04,21:00,USD,SOL,139.0139745356
2025-12-04,21:00,USD,WIF,0.3826135295
2025-12-05,21:00,USD,ADA,0.4162713287
2025-12-05,21:00,USD,BONK,0.00000908706323
2025-12-05,21:00,USD,BRL,0.18769
2025-12-05,21:00,USD,EUR,1.1662
2025-12-05,21:00,USD,SNEK,0.00141552419012
2025-12-05,21:00,USD,SOL,133.324364998
2025-12-05,21:00,USD,WIF,0.3714526518
2025-12-06,21:00,USD,ADA,0.4139331035
2025-12-06,21:00,USD,BONK,0.00000936347489
2025-12-06,21:00,USD,BRL,0.18768
2025-12-06,21:00,USD,EUR,1.166
2025-12-06,21:00,USD,SNEK,0.00141461441125
2025-12-06,21:00,USD,SOL,132.3498649664
2025-12-06,21:00,USD,WIF,0.3795660743
2025-12-07,21:00,USD,ADA,0.4168331734
2025-12-07,21:00,USD,BONK,0.00000910196271
2025-12-07,21:00,USD,BRL,0.18768
2025-12-07,21:00,USD,EUR,1.1659
2025-12-07,21:00,USD,SNEK,0.00140031992489
2025-12-07,21:00,USD,SOL,132.0960001595
2025-12-07,21:00,USD,WIF,0.3679632579
2025-12-08,21:00,USD,ADA,0.4321920456
2025-12-08,21:00,USD,BONK,0.00000952381459
2025-12-08,21:00,USD,BRL,0.18515
2025-12-08,21:00,USD,EUR,1.1655
2025-12-08,21:00,USD,SNEK,0.00142003479866
2025-12-08,21:00,USD,SOL,133.2783306531
2025-12-08,21:00,USD,WIF,0.389025648
2025-12-09,21:00,USD,ADA,0.4700009789
2025-12-09,21:00,USD,BONK,0.00000995522924
2025-12-09,21:00,USD,BRL,0.18398
2025-12-09,21:00,USD,EUR,1.165
2025-12-09,21:00,USD,NIGHT,0.0413344034
2025-12-09,21:00,USD,SNEK,0.0014860841262
2025-12-09,21:00,USD,SOL,137.9060898725
2025-12-09,21:00,USD,WIF,0.4372416038
2025-12-10,21:00,USD,ADA,0.4539024211
2025-12-10,21:00,USD,BONK,0.00000945223066
2025-12-10,21:00,USD,BRL,0.18348
2025-12-10,21:00,USD,EUR,1.1641
2025-12-10,21:00,USD,NIGHT,0.0751361632
2025-12-10,21:00,USD,SNEK,0.00126514680211
2025-12-10,21:00,USD,SOL,136.4637666012
2025-12-10,21:00,USD,WIF,0.3918188367
2025-12-11,21:00,USD,ADA,0.425368908
2025-12-11,21:00,USD,BONK,0.00000965238666
2025-12-11,21:00,USD,BRL,0.18357
2025-12-11,21:00,USD,EUR,1.1694
2025-12-11,21:00,USD,NIGHT,0.0457051526
2025-12-11,21:00,USD,SNEK,0.0012103199586
2025-12-11,21:00,USD,SOL,136.3699371918
2025-12-11,21:00,USD,WIF,0.4029879991
2025-12-12,21:00,USD,ADA,0.4091337277
2025-12-12,21:00,USD,BONK,0.00000921343395
2025-12-12,21:00,USD,BRL,0.18461
2025-12-12,21:00,USD,EUR,1.1734
2025-12-12,21:00,USD,NIGHT,0.0498018448
2025-12-12,21:00,USD,SNEK,0.00111250121179
2025-12-12,21:00,USD,SOL,132.324041043
2025-12-12,21:00,USD,WIF,0.3895323664
2025-12-13,21:00,USD,ADA,0.4110564059
2025-12-13,21:00,USD,BONK,0.00000932695886
2025-12-13,21:00,USD,BRL,0.18472
2025-12-13,21:00,USD,EUR,1.1736
2025-12-13,21:00,USD,NIGHT,0.0486046916
2025-12-13,21:00,USD,SNEK,0.00110781304556
2025-12-13,21:00,USD,SOL,133.2476164031
2025-12-13,21:00,USD,WIF,0.3966451141
2025-12-14,21:00,USD,ADA,0.3965673119
2025-12-14,21:00,USD,BONK,0.00000905144147
2025-12-14,21:00,USD,BRL,0.18472
2025-12-14,21:00,USD,EUR,1.1736
2025-12-14,21:00,USD,NIGHT,0.0651207569
2025-12-14,21:00,USD,SNEK,0.00099181516015
2025-12-14,21:00,USD,SOL,129.4833387951
2025-12-14,21:00,USD,WIF,0.3793318619
2025-12-15,21:00,USD,ADA,0.3880934616
2025-12-15,21:00,USD,BONK,0.00000872070383
2025-12-15,21:00,USD,BRL,0.18493
2025-12-15,21:00,USD,EUR,1.1744
2025-12-15,21:00,USD,NIGHT,0.0613548857
2025-12-15,21:00,USD,SNEK,0.00090910897451
2025-12-15,21:00,USD,SOL,127.7573115229
2025-12-15,21:00,USD,WIF,0.3730223534
2025-12-16,21:00,USD,ADA,0.3857238233
2025-12-16,21:00,USD,BONK,0.00000862389185
2025-12-16,21:00,USD,BRL,0.18418
2025-12-16,21:00,USD,EUR,1.1755
2025-12-16,21:00,USD,NIGHT,0.0610155318
2025-12-16,21:00,USD,SNEK,0.0009279017308
2025-12-16,21:00,USD,SOL,129.2528269031
2025-12-16,21:00,USD,WIF,0.3798031746
2025-12-17,21:00,USD,ADA,0.3665108605
2025-12-17,21:00,USD,BONK,0.00000814952411
2025-12-17,21:00,USD,BRL,0.18232
2025-12-17,21:00,USD,EUR,1.174
2025-12-17,21:00,USD,NIGHT,0.0632413539
2025-12-17,21:00,USD,SNEK,0.00099545713495
2025-12-17,21:00,USD,SOL,123.1261077283
2025-12-17,21:00,USD,WIF,0.353882478
2025-12-18,21:00,USD,ADA,0.3514269611
2025-12-18,21:00,USD,BONK,0.00000761042302
2025-12-18,21:00,USD,BRL,0.18112
2025-12-18,21:00,USD,EUR,1.1729
2025-12-18,21:00,USD,NIGHT,0.0640525352
2025-12-18,21:00,USD,SNEK,0.00095193677456
2025-12-18,21:00,USD,SOL,119.5701544123
2025-12-18,21:00,USD,WIF,0.3293593197
2025-12-19,21:00,USD,ADA,0.3766301997
2025-12-19,21:00,USD,BONK,0.00000823417442
2025-12-19,21:00,USD,BRL,0.18101
2025-12-19,21:00,USD,EUR,1.1723
2025-12-19,21:00,USD,NIGHT,0.0657962413
2025-12-19,21:00,USD,SNEK,0.00100042868348
2025-12-19,21:00,USD,SOL,126.194049677
2025-12-19,21:00,USD,WIF,0.3563997028
2025-12-20,21:00,USD,ADA,0.3730980005
2025-12-20,21:00,USD,BONK,0.00000826922748
2025-12-20,21:00,USD,BRL,0.18102
2025-12-20,21:00,USD,EUR,1.1721
2025-12-20,21:00,USD,NIGHT,0.0792367013
2025-12-20,21:00,USD,SNEK,0.00108387135413
2025-12-20,21:00,USD,SOL,125.8102415133
2025-12-20,21:00,USD,WIF,0.3461360812
2025-12-21,21:00,USD,ADA,0.3659015821
2025-12-21,21:00,USD,BONK,0.00000807364889
2025-12-21,21:00,USD,BRL,0.18102
2025-12-21,21:00,USD,EUR,1.1721
2025-12-21,21:00,USD,NIGHT,0.1118678359
2025-12-21,21:00,USD,SNEK,0.00095893328436
2025-12-21,21:00,USD,SOL,125.9915148884
2025-12-21,21:00,USD,WIF,0.3405063425
2025-12-22,21:00,USD,ADA,0.3708068956
2025-12-22,21:00,USD,BONK,0.0000081281328
2025-12-22,21:00,USD,BRL,0.18049
2025-12-22,21:00,USD,EUR,1.1727
2025-12-22,21:00,USD,NIGHT,0.1034399849
2025-12-22,21:00,USD,SNEK,0.0010172316487
2025-12-22,21:00,USD,SOL,125.8012280054
2025-12-22,21:00,USD,WIF,0.3348319051
2025-12-23,21:00,USD,ADA,0.3628409922
2025-12-23,21:00,USD,BONK,0.00000797031144
2025-12-23,21:00,USD,BRL,0.17949
2025-12-23,21:00,USD,EUR,1.1766
2025-12-23,21:00,USD,NIGHT,0.0784803585
2025-12-23,21:00,USD,SNEK,0.00101256476392
2025-12-23,21:00,USD,SOL,123.8568446117
2025-12-23,21:00,USD,WIF,0.321301561
2025-12-24,21:00,USD,ADA,0.3564125198
2025-12-24,21:00,USD,BONK,0.0000078532592
2025-12-24,21:00,USD,BRL,0.18016
2025-12-24,21:00,USD,EUR,1.1794
2025-12-24,21:00,USD,NIGHT,0.0812564666
2025-12-24,21:00,USD,SNEK,0.00092156650374
2025-12-24,21:00,USD,SOL,122.458354568
2025-12-24,21:00,USD,WIF,0.3235100195
2025-12-25,21:00,USD,ADA,0.343221057
2025-12-25,21:00,USD,BONK,0.0000076629679
2025-12-25,21:00,USD,BRL,0.18035
2025-12-25,21:00,USD,EUR,1.1792
2025-12-25,21:00,USD,NIGHT,0.0769116486
2025-12-25,21:00,USD,SNEK,0.00092537744526
2025-12-25,21:00,USD,SOL,119.9473686694
2025-12-25,21:00,USD,WIF,0.3074608401
2025-12-26,21:00,USD,ADA,0.3495768709
2025-12-26,21:00,USD,BONK,0.00000786604714
2025-12-26,21:00,USD,BRL,0.18035
2025-12-26,21:00,USD,EUR,1.1789
2025-12-26,21:00,USD,NIGHT,0.0837009875
2025-12-26,21:00,USD,SNEK,0.00093531352296
2025-12-26,21:00,USD,SOL,122.1961220888
2025-12-26,21:00,USD,WIF,0.3142275116
2025-12-27,21:00,USD,ADA,0.3695526885
2025-12-27,21:00,USD,BONK,0.0000080948485
2025-12-27,21:00,USD,BRL,0.18047
2025-12-27,21:00,USD,EUR,1.1789
2025-12-27,21:00,USD,NIGHT,0.0886528634
2025-12-27,21:00,USD,SNEK,0.00092345398242
2025-12-27,21:00,USD,SOL,124.6484162833
2025-12-27,21:00,USD,WIF,0.3200015126
2025-12-28,21:00,USD,ADA,0.3684939018
2025-12-28,21:00,USD,BONK,0.00000798140182
2025-12-28,21:00,USD,BRL,0.1805
2025-12-28,21:00,USD,EUR,1.1786
2025-12-28,21:00,USD,NIGHT,0.0905239276
2025-12-28,21:00,USD,SNEK,0.00095444571487
2025-12-28,21:00,USD,SOL,125.1987448656
2025-12-28,21:00,USD,WIF,0.3126736719
2025-12-29,21:00,USD,ADA,0.3529148196
2025-12-29,21:00,USD,BONK,0.00000773766993
2025-12-29,21:00,USD,BRL,0.17997
2025-12-29,21:00,USD,EUR,1.1768
2025-12-29,21:00,USD,NIGHT,0.0993280503
2025-12-29,21:00,USD,SNEK,0.00094470908699
2025-12-29,21:00,USD,SOL,123.1244913184
2025-12-29,21:00,USD,WIF,0.2892047724
2025-12-30,21:00,USD,ADA,0.3511172586
2025-12-30,21:00,USD,BONK,0.00000772269579
2025-12-30,21:00,USD,BRL,0.18054
2025-12-30,21:00,USD,EUR,1.1764
2025-12-30,21:00,USD,NIGHT,0.0993017216
2025-12-30,21:00,USD,SNEK,0.00095357517706
2025-12-30,21:00,USD,SOL,124.9313200905
2025-12-30,21:00,USD,WIF,0.2770883094
2025-12-31,21:00,USD,ADA,0.3328360633
2025-12-31,21:00,USD,BONK,0.00000746574467
2025-12-31,21:00,USD,BRL,0.18154
2025-12-31,21:00,USD,EUR,1.1753
2025-12-31,21:00,USD,NIGHT,0.0894762003
2025-12-31,21:00,USD,SNEK,0.00088740902946
2025-12-31,21:00,USD,SOL,124.4847417337
2025-12-31,21:00,USD,WIF,0.2697093939
2026-01-01,21:00,USD,ADA,0.3562121706
2026-01-01,21:00,USD,BONK,0.00000819250124
2026-01-01,21:00,USD,BRL,0.18176
2026-01-01,21:00,USD,EUR,1.175
2026-01-01,21:00,USD,NIGHT,0.0867600085
2026-01-01,21:00,USD,SNEK,0.00100245473437
2026-01-01,21:00,USD,SOL,126.7611207259
2026-01-01,21:00,USD,WIF,0.3012556623
2026-01-02,21:00,USD,ADA,0.3937608922
2026-01-02,21:00,USD,BONK,0.00000927576508
2026-01-02,21:00,USD,BRL,0.18276
2026-01-02,21:00,USD,EUR,1.1741
2026-01-02,21:00,USD,NIGHT,0.0877981088
2026-01-02,21:00,USD,SNEK,0.00110202251456
2026-01-02,21:00,USD,SOL,132.1333928759
2026-01-02,21:00,USD,WIF,0.3250958697
2026-01-03,21:00,USD,ADA,0.3893796693
2026-01-03,21:00,USD,BONK,0.00000933023946
2026-01-03,21:00,USD,BRL,0.18287
2026-01-03,21:00,USD,EUR,1.1739
2026-01-03,21:00,USD,NIGHT,0.0934269318
2026-01-03,21:00,USD,SNEK,0.00109113011325
2026-01-03,21:00,USD,SOL,133.298210989
2026-01-03,21:00,USD,WIF,0.3385289503
2026-01-04,21:00,USD,ADA,0.4000917745
2026-01-04,21:00,USD,BONK,0.00001195114491
2026-01-04,21:00,USD,BRL,0.18301
2026-01-04,21:00,USD,EUR,1.1737
2026-01-04,21:00,USD,NIGHT,0.0893325408
2026-01-04,21:00,USD,SNEK,0.00118833001506
2026-01-04,21:00,USD,SOL,133.902631805
2026-01-04,21:00,USD,WIF,0.4049779176
2026-01-05,21:00,USD,ADA,0.4218735121
2026-01-05,21:00,USD,BONK,0.00001210073742
2026-01-05,21:00,USD,BRL,0.18358
2026-01-05,21:00,USD,EUR,1.1705
2026-01-05,21:00,USD,NIGHT,0.0857597598
2026-01-05,21:00,USD,SNEK,0.0011920609612
2026-01-05,21:00,USD,SOL,137.9898209429
2026-01-05,21:00,USD,WIF,0.4091416101
2026-01-06,21:00,USD,ADA,0.4196187422
2026-01-06,21:00,USD,BONK,0.00001194680883
2026-01-06,21:00,USD,BRL,0.18496
2026-01-06,21:00,USD,EUR,1.1715
2026-01-06,21:00,USD,NIGHT,0.0788539134
2026-01-06,21:00,USD,SNEK,0.00121610411443
2026-01-06,21:00,USD,SOL,141.0961155586
2026-01-06,21:00,USD,WIF,0.4214632786
2026-01-07,21:00,USD,ADA,0.4018973814
2026-01-07,21:00,USD,BONK,0.00001117366029
2026-01-07,21:00,USD,BRL,0.18542
2026-01-07,21:00,USD,EUR,1.1698
2026-01-07,21:00,USD,NIGHT,0.0766340874
2026-01-07,21:00,USD,SNEK,0.00107631863626
2026-01-07,21:00,USD,SOL,136.313019862
2026-01-07,21:00,USD,WIF,0.3895289328
2026-01-08,21:00,USD,ADA,0.3956453664
2026-01-08,21:00,USD,BONK,0.00001090286249
2026-01-08,21:00,USD,BRL,0.1855
2026-01-08,21:00,USD,EUR,1.1675
2026-01-08,21:00,USD,NIGHT,0.0738471091
2026-01-08,21:00,USD,SNEK,0.00104298835938
2026-01-08,21:00,USD,SOL,138.2972654813
2026-01-08,21:00,USD,WIF,0.3799635138
2026-01-09,21:00,USD,ADA,0.3907383529
2026-01-09,21:00,USD,BONK,0.00001080460875
2026-01-09,21:00,USD,BRL,0.18574
2026-01-09,21:00,USD,EUR,1.1656
2026-01-09,21:00,USD,NIGHT,0.0666837754
2026-01-09,21:00,USD,SNEK,0.00099290429799
2026-01-09,21:00,USD,SOL,135.7570571312
2026-01-09,21:00,USD,WIF,0.3871100211
2026-01-10,21:00,USD,ADA,0.3879576077
2026-01-10,21:00,USD,BONK,0.00001049903371
2026-01-10,21:00,USD,BRL,0.18574
2026-01-10,21:00,USD,EUR,1.1653
2026-01-10,21:00,USD,NIGHT,0.0696821834
2026-01-10,21:00,USD,SNEK,0.0010204420427
2026-01-10,21:00,USD,SOL,135.7276820288
2026-01-10,21:00,USD,WIF,0.3788609375
2026-01-11,21:00,USD,ADA,0.3902782195
2026-01-11,21:00,USD,BONK,0.00001043638423
2026-01-11,21:00,USD,BRL,0.18574
2026-01-11,21:00,USD,EUR,1.1652
2026-01-11,21:00,USD,NIGHT,0.0703442956
2026-01-11,21:00,USD,SNEK,0.00105800369262
2026-01-11,21:00,USD,SOL,139.4908695677
2026-01-11,21:00,USD,WIF,0.3757030999
2026-01-12,21:00,USD,ADA,0.3859054533
2026-01-12,21:00,USD,BONK,0.00001020489269
2026-01-12,21:00,USD,BRL,0.18605
2026-01-12,21:00,USD,EUR,1.1669
2026-01-12,21:00,USD,NIGHT,0.0658113698
2026-01-12,21:00,USD,SNEK,0.00100643538128
2026-01-12,21:00,USD,SOL,139.1354387351
2026-01-12,21:00,USD,WIF,0.368730242
2026-01-13,21:00,USD,ADA,0.4214192582
2026-01-13,21:00,USD,BONK,0.00001145681089
2026-01-13,21:00,USD,BRL,0.18594
2026-01-13,21:00,USD,EUR,1.1667
2026-01-13,21:00,USD,NIGHT,0.0686017077
2026-01-13,21:00,USD,SNEK,0.00108922897508
2026-01-13,21:00,USD,SOL,145.3616346604
2026-01-13,21:00,USD,WIF,0.4187222302
2026-01-14,21:00,USD,ADA,0.4145399032
2026-01-14,21:00,USD,BONK,0.00001105823896
2026-01-14,21:00,USD,BRL,0.18597
2026-01-14,21:00,USD,EUR,1.1659
2026-01-14,21:00,USD,NIGHT,0.0667884029
2026-01-14,21:00,USD,SNEK,0.00104487571938
2026-01-14,21:00,USD,SOL,146.7556364821
2026-01-14,21:00,USD,WIF,0.4113593907
2026-01-15,21:00,USD,ADA,0.3934824533
2026-01-15,21:00,USD,BONK,0.00001055060448
2026-01-15,21:00,USD,BRL,0.1858
2026-01-15,21:00,USD,EUR,1.1644
2026-01-15,21:00,USD,NIGHT,0.0646582546
2026-01-15,21:00,USD,SNEK,0.00096883063361
2026-01-15,21:00,USD,SOL,142.3328884879
2026-01-15,21:00,USD,WIF,0.3858127656
2026-01-16,21:00,USD,ADA,0.3955334949
2026-01-16,21:00,USD,BONK,0.00001073631382
2026-01-16,21:00,USD,BRL,0.18601
2026-01-16,21:00,USD,EUR,1.1617
2026-01-16,21:00,USD,NIGHT,0.0642130216
2026-01-16,21:00,USD,SNEK,0.00092948324265
2026-01-16,21:00,USD,SOL,144.8601473551
2026-01-16,21:00,USD,WIF,0.3881867441
2026-01-17,21:00,USD,ADA,0.3966769507
2026-01-17,21:00,USD,BONK,0.00001039166474
2026-01-17,21:00,USD,BRL,0.18605
2026-01-17,21:00,USD,EUR,1.1616
2026-01-17,21:00,USD,NIGHT,0.0618293283
2026-01-17,21:00,USD,SNEK,0.00094607976824
2026-01-17,21:00,USD,SOL,143.725939056
2026-01-17,21:00,USD,WIF,0.3788041622
2026-01-18,21:00,USD,ADA,0.3756691015
2026-01-18,21:00,USD,BONK,0.00000964161978
2026-01-18,21:00,USD,BRL,0.18605
2026-01-18,21:00,USD,EUR,1.1615
2026-01-18,21:00,USD,NIGHT,0.0568094227
2026-01-18,21:00,USD,SNEK,0.00087634720293
2026-01-18,21:00,USD,SOL,137.9972083277
2026-01-18,21:00,USD,WIF,0.3520632516
2026-01-19,21:00,USD,ADA,0.3701266032
2026-01-19,21:00,USD,BONK,0.00000930470065
2026-01-19,21:00,USD,BRL,0.18621
2026-01-19,21:00,USD,EUR,1.1632
2026-01-19,21:00,USD,NIGHT,0.0621319276
2026-01-19,21:00,USD,SNEK,0.00087304735119
2026-01-19,21:00,USD,SOL,133.3385941819
2026-01-19,21:00,USD,WIF,0.3523264669
2026-01-20,21:00,USD,ADA,0.3504203408
2026-01-20,21:00,USD,BONK,0.00000882329998
2026-01-20,21:00,USD,BRL,0.18597
2026-01-20,21:00,USD,EUR,1.1675
2026-01-20,21:00,USD,NIGHT,0.0613053822
2026-01-20,21:00,USD,SNEK,0.00077198837697
2026-01-20,21:00,USD,SOL,125.7057269197
2026-01-20,21:00,USD,WIF,0.3295585438
2026-01-21,21:00,USD,ADA,0.3656959937
2026-01-21,21:00,USD,BONK,0.00000914728276
2026-01-21,21:00,USD,BRL,0.18665
2026-01-21,21:00,USD,EUR,1.1724
2026-01-21,21:00,USD,NIGHT,0.0605472276
2026-01-21,21:00,USD,SNEK,0.00080191711642
2026-01-21,21:00,USD,SOL,129.3789508078
2026-01-21,21:00,USD,WIF,0.338156774
2026-01-22,21:00,USD,ADA,0.3588969262
2026-01-22,21:00,USD,BONK,0.00000897776111
2026-01-22,21:00,USD,BRL,0.18782
2026-01-22,21:00,USD,EUR,1.1706
2026-01-22,21:00,USD,NIGHT,0.0572901799
2026-01-22,21:00,USD,SNEK,0.00075759119333
2026-01-22,21:00,USD,SOL,128.2885162284
2026-01-22,21:00,USD,WIF,0.3332670211
2026-01-23,21:00,USD,ADA,0.3600994616
2026-01-23,21:00,USD,BONK,0.00000903195716
2026-01-23,21:00,USD,BRL,0.18885
2026-01-23,21:00,USD,EUR,1.1732
2026-01-23,21:00,USD,NIGHT,0.0556838755
2026-01-23,21:00,USD,SNEK,0.000726680441
2026-01-23,21:00,USD,SOL,127.3630335676
2026-01-23,21:00,USD,WIF,0.3345721059
2026-01-24,21:00,USD,ADA,0.3581568676
2026-01-24,21:00,USD,BONK,0.00000885359428
2026-01-24,21:00,USD,BRL,0.18892
2026-01-24,21:00,USD,EUR,1.1737
2026-01-24,21:00,USD,NIGHT,0.0585132039
2026-01-24,21:00,USD,SNEK,0.00074239697885
2026-01-24,21:00,USD,SOL,127.0525053009
2026-01-24,21:00,USD,WIF,0.334084835
2026-01-25,21:00,USD,ADA,0.3387128329
2026-01-25,21:00,USD,BONK,0.00000842296543
2026-01-25,21:00,USD,BRL,0.18892
2026-01-25,21:00,USD,EUR,1.1739
2026-01-25,21:00,USD,NIGHT,0.0570063971
2026-01-25,21:00,USD,SNEK,0.00068004543414
2026-01-25,21:00,USD,SOL,118.7726526386
2026-01-25,21:00,USD,WIF,0.3178720197
2026-01-26,21:00,USD,ADA,0.3519900077
2026-01-26,21:00,USD,BONK,0.00000866921871
2026-01-26,21:00,USD,BRL,0.18915
2026-01-26,21:00,USD,EUR,1.1821
2026-01-26,21:00,USD,NIGHT,0.0608126887
2026-01-26,21:00,USD,SNEK,0.00070143211347
2026-01-26,21:00,USD,SOL,124.1389844057
2026-01-26,21:00,USD,WIF,0.3279126077
2026-01-27,21:00,USD,ADA,0.3602974694
2026-01-27,21:00,USD,BONK,0.00000885448513
2026-01-27,21:00,USD,BRL,0.18997
2026-01-27,21:00,USD,EUR,1.1885
2026-01-27,21:00,USD,NIGHT,0.0608396353
2026-01-27,21:00,USD,SNEK,0.00071575034996
2026-01-27,21:00,USD,SOL,127.0533226747
2026-01-27,21:00,USD,WIF,0.3236594482
2026-01-28,21:00,USD,ADA,0.3578789045
2026-01-28,21:00,USD,BONK,0.00000874174292
2026-01-28,21:00,USD,BRL,0.19193
2026-01-28,21:00,USD,EUR,1.1957
2026-01-28,21:00,USD,NIGHT,0.0583219338
2026-01-28,21:00,USD,SNEK,0.00070183002624
2026-01-28,21:00,USD,SOL,125.119257188
2026-01-28,21:00,USD,WIF,0.3203477955
2026-01-29,21:00,USD,ADA,0.3340171479
2026-01-29,21:00,USD,BONK,0.00000825222729
2026-01-29,21:00,USD,BRL,0.1925
2026-01-29,21:00,USD,EUR,1.1968
2026-01-29,21:00,USD,NIGHT,0.0544173551
2026-01-29,21:00,USD,SNEK,0.00062915966663
2026-01-29,21:00,USD,SOL,117.6032436483
2026-01-29,21:00,USD,WIF,0.2953876745
2026-01-30,21:00,USD,ADA,0.3203553593
2026-01-30,21:00,USD,BONK,0.00000801731298
2026-01-30,21:00,USD,BRL,0.19183
2026-01-30,21:00,USD,EUR,1.1933
2026-01-30,21:00,USD,NIGHT,0.0507852804
2026-01-30,21:00,USD,SNEK,0.00059216012706
2026-01-30,21:00,USD,SOL,117.3646295773
2026-01-30,21:00,USD,WIF,0.2877772741
2026-01-31,21:00,USD,ADA,0.2934928097
2026-01-31,21:00,USD,BONK,0.00000717655537
2026-01-31,21:00,USD,BRL,0.1918
2026-01-31,21:00,USD,EUR,1.1929
2026-01-31,21:00,USD,NIGHT,0.0459856437
2026-01-31,21:00,USD,SNEK,0.00047866739114
2026-01-31,21:00,USD,SOL,105.4403957957
2026-01-31,21:00,USD,WIF,0.2540765695
2026-02-01,21:00,USD,ADA,0.2860288071
2026-02-01,21:00,USD,BONK,0.00000701239325
2026-02-01,21:00,USD,BRL,0.1918
2026-02-01,21:00,USD,EUR,1.1927
2026-02-01,21:00,USD,NIGHT,0.0470781778
2026-02-01,21:00,USD,SNEK,0.00046563738877
2026-02-01,21:00,USD,SOL,100.8449481965
2026-02-01,21:00,USD,WIF,0.2456633165
2026-02-02,21:00,USD,ADA,0.2988998514
2026-02-02,21:00,USD,BONK,0.00000720066272
2026-02-02,21:00,USD,BRL,0.19058
2026-02-02,21:00,USD,EUR,1.187
2026-02-02,21:00,USD,NIGHT,0.0497838283
2026-02-02,21:00,USD,SNEK,0.00058810004508
2026-02-02,21:00,USD,SOL,104.470442068
2026-02-02,21:00,USD,WIF,0.2551906779
2026-02-03,21:00,USD,ADA,0.2907977953
2026-02-03,21:00,USD,BONK,0.00000702170864
2026-02-03,21:00,USD,BRL,0.19069
2026-02-03,21:00,USD,EUR,1.182
2026-02-03,21:00,USD,NIGHT,0.0486752329
2026-02-03,21:00,USD,SNEK,0.00052888095909
2026-02-03,21:00,USD,SOL,97.5640351511
2026-02-03,21:00,USD,WIF,0.2491134019
2026-02-04,21:00,USD,ADA,0.2862983252
2026-02-04,21:00,USD,BONK,0.00000695973594
2026-02-04,21:00,USD,BRL,0.19086
2026-02-04,21:00,USD,EUR,1.1815
2026-02-04,21:00,USD,NIGHT,0.0493293681
2026-02-04,21:00,USD,SNEK,0.00049276120409
2026-02-04,21:00,USD,SOL,92.0293083426
2026-02-04,21:00,USD,WIF,0.2482501969
2026-02-05,21:00,USD,ADA,0.2448818038
2026-02-05,21:00,USD,BONK,0.00000584428385
2026-02-05,21:00,USD,BRL,0.19049
2026-02-05,21:00,USD,EUR,1.1803
2026-02-05,21:00,USD,NIGHT,0.0437177174
2026-02-05,21:00,USD,SNEK,0.00045368785513
2026-02-05,21:00,USD,SOL,78.1855334835
2026-02-05,21:00,USD,WIF,0.2072386923
2026-02-06,21:00,USD,ADA,0.2762324843
2026-02-06,21:00,USD,BONK,0.00000651081627
2026-02-06,21:00,USD,BRL,0.1906
2026-02-06,21:00,USD,EUR,1.1801
2026-02-06,21:00,USD,NIGHT,0.0539125312
2026-02-06,21:00,USD,SNEK,0.00065015732759
2026-02-06,21:00,USD,SOL,87.4673069581
2026-02-06,21:00,USD,WIF,0.2346690674
2026-02-07,21:00,USD,ADA,0.2723599577
2026-02-07,21:00,USD,BONK,0.00000646534825
2026-02-07,21:00,USD,BRL,0.19059
2026-02-07,21:00,USD,EUR,1.1802
2026-02-07,21:00,USD,NIGHT,0.0551110133
2026-02-07,21:00,USD,SNEK,0.00060867928102
2026-02-07,21:00,USD,SOL,87.6398316467
2026-02-07,21:00,USD,WIF,0.233785191
2026-02-08,21:00,USD,ADA,0.2702605946
2026-02-08,21:00,USD,BONK,0.00000626073109
2026-02-08,21:00,USD,BRL,0.19059
2026-02-08,21:00,USD,EUR,1.1801
2026-02-08,21:00,USD,NIGHT,0.0527606299
2026-02-08,21:00,USD,SNEK,0.00060973323152
2026-02-08,21:00,USD,SOL,87.042247484
2026-02-08,21:00,USD,WIF,0.2279073264
2026-02-09,21:00,USD,ADA,0.2697100202
2026-02-09,21:00,USD,BONK,0.00000619664446
2026-02-09,21:00,USD,BRL,0.19179
2026-02-09,21:00,USD,EUR,1.1846
2026-02-09,21:00,USD,NIGHT,0.0498071769
2026-02-09,21:00,USD,SNEK,0.0005565343873
2026-02-09,21:00,USD,SOL,86.7036087851
2026-02-09,21:00,USD,WIF,0.2262285306
2026-02-10,21:00,USD,ADA,0.2616709614
2026-02-10,21:00,USD,BONK,0.00000597197237
2026-02-10,21:00,USD,BRL,0.19216
2026-02-10,21:00,USD,EUR,1.1897
2026-02-10,21:00,USD,NIGHT,0.0485251415
2026-02-10,21:00,USD,SNEK,0.00055626249939
2026-02-10,21:00,USD,SOL,82.9161563177
2026-02-10,21:00,USD,WIF,0.2166643939
2026-02-11,21:00,USD,ADA,0.2555503109
2026-02-11,21:00,USD,BONK,0.0000058634335
2026-02-11,21:00,USD,BRL,0.1926
2026-02-11,21:00,USD,EUR,1.1906
2026-02-11,21:00,USD,NIGHT,0.0491171784
2026-02-11,21:00,USD,SNEK,0.00054099523739
2026-02-11,21:00,USD,SOL,79.2538963527
2026-02-11,21:00,USD,WIF,0.2073579167
2026-02-12,21:00,USD,ADA,0.2642183226
2026-02-12,21:00,USD,BONK,0.00000608187411
2026-02-12,21:00,USD,BRL,0.19288
2026-02-12,21:00,USD,EUR,1.1882
2026-02-12,21:00,USD,NIGHT,0.0505609158
2026-02-12,21:00,USD,SNEK,0.00054307623403
2026-02-12,21:00,USD,SOL,78.3467420549
2026-02-12,21:00,USD,WIF,0.215811287
2026-02-13,21:00,USD,ADA,0.2726920877
2026-02-13,21:00,USD,BONK,0.00000627628013
2026-02-13,21:00,USD,BRL,0.19186
2026-02-13,21:00,USD,EUR,1.1872
2026-02-13,21:00,USD,NIGHT,0.0578261979
2026-02-13,21:00,USD,SNEK,0.00059347479083
2026-02-13,21:00,USD,SOL,84.322308319
2026-02-13,21:00,USD,WIF,0.22101569
2026-02-14,21:00,USD,ADA,0.2952664067
2026-02-14,21:00,USD,BONK,0.00000719977785
2026-02-14,21:00,USD,BRL,0.19178
2026-02-14,21:00,USD,EUR,1.1872
2026-02-14,21:00,USD,NIGHT,0.0596125288
2026-02-14,21:00,USD,SNEK,0.00062945839584
2026-02-14,21:00,USD,SOL,88.1612139052
2026-02-14,21:00,USD,WIF,0.255460559
2026-02-15,21:00,USD,ADA,0.281785322
2026-02-15,21:00,USD,BONK,0.00000654783683
2026-02-15,21:00,USD,BRL,0.19178
2026-02-15,21:00,USD,EUR,1.1872
2026-02-15,21:00,USD,NIGHT,0.0564974263
2026-02-15,21:00,USD,SNEK,0.00058784780876
2026-02-15,21:00,USD,SOL,86.0075980768
2026-02-15,21:00,USD,WIF,0.230610649
2026-02-16,21:00,USD,ADA,0.2854974687
2026-02-16,21:00,USD,BONK,0.00000658299097
2026-02-16,21:00,USD,BRL,0.19153
2026-02-16,21:00,USD,EUR,1.1859
2026-02-16,21:00,USD,NIGHT,0.0568044639
2026-02-16,21:00,USD,SNEK,0.00058686182054
2026-02-16,21:00,USD,SOL,86.4288347772
2026-02-16,21:00,USD,WIF,0.2361164599
2026-02-17,21:00,USD,ADA,0.2809662323
2026-02-17,21:00,USD,BONK,0.0000065051542
2026-02-17,21:00,USD,BRL,0.19139
2026-02-17,21:00,USD,EUR,1.1853
2026-02-17,21:00,USD,NIGHT,0.0566962089
2026-02-17,21:00,USD,SNEK,0.00058061995088
2026-02-17,21:00,USD,SOL,85.1969300954
2026-02-17,21:00,USD,WIF,0.2302634819
2026-02-18,21:00,USD,ADA,0.2735849037
2026-02-18,21:00,USD,BONK,0.00000616580986
2026-02-18,21:00,USD,BRL,0.19134
2026-02-18,21:00,USD,EUR,1.1843
2026-02-18,21:00,USD,NIGHT,0.0574691671
2026-02-18,21:00,USD,SNEK,0.00056373609819
2026-02-18,21:00,USD,SOL,81.5670516285
2026-02-18,21:00,USD,WIF,0.2215424636
2026-02-19,21:00,USD,ADA,0.2725505198
2026-02-19,21:00,USD,BONK,0.00000614824151
2026-02-19,21:00,USD,BRL,0.19114
2026-02-19,21:00,USD,EUR,1.1798
2026-02-19,21:00,USD,NIGHT,0.0625524781
2026-02-19,21:00,USD,SNEK,0.00056268274408
2026-02-19,21:00,USD,SOL,82.3933851971
2026-02-19,21:00,USD,WIF,0.2165247036
2026-02-20,21:00,USD,ADA,0.2849068549
2026-02-20,21:00,USD,BONK,0.00000642623946
2026-02-20,21:00,USD,BRL,0.19173
2026-02-20,21:00,USD,EUR,1.1774
2026-02-20,21:00,USD,NIGHT,0.060563138
2026-02-20,21:00,USD,SNEK,0.00059687823229
2026-02-20,21:00,USD,SOL,84.6351688345
2026-02-20,21:00,USD,WIF,0.2258751474
2026-02-21,21:00,USD,ADA,0.2800228937
2026-02-21,21:00,USD,BONK,0.00000627922026
2026-02-21,21:00,USD,BRL,0.19178
2026-02-21,21:00,USD,EUR,1.1774
2026-02-21,21:00,USD,NIGHT,0.0590706128
2026-02-21,21:00,USD,SNEK,0.000587846687
2026-02-21,21:00,USD,SOL,85.2112181023
2026-02-21,21:00,USD,WIF,0.221465
2026-02-22,21:00,USD,ADA,0.2713834466
2026-02-22,21:00,USD,BONK,0.00000609703202
2026-02-22,21:00,USD,BRL,0.19178
2026-02-22,21:00,USD,EUR,1.1773
2026-02-22,21:00,USD,NIGHT,0.058044967
2026-02-22,21:00,USD,SNEK,0.0005695102032
2026-02-22,21:00,USD,SOL,82.7871532065
2026-02-22,21:00,USD,WIF,0.2110596333
2026-02-23,21:00,USD,ADA,0.2622547514
2026-02-23,21:00,USD,BONK,0.0000058553801
2026-02-23,21:00,USD,BRL,0.19288
2026-02-23,21:00,USD,EUR,1.1801
2026-02-23,21:00,USD,NIGHT,0.0583080577
2026-02-23,21:00,USD,SNEK,0.00052839062228
2026-02-23,21:00,USD,SOL,77.7544207006
2026-02-23,21:00,USD,WIF,0.2001536488
2026-02-24,21:00,USD,ADA,0.2587600276
2026-02-24,21:00,USD,BONK,0.00000573799915
2026-02-24,21:00,USD,BRL,0.19336
2026-02-24,21:00,USD,EUR,1.1781
2026-02-24,21:00,USD,NIGHT,0.056656398
2026-02-24,21:00,USD,SNEK,0.00053775104982
2026-02-24,21:00,USD,SOL,79.036523236
2026-02-24,21:00,USD,WIF,0.1946356409
2026-02-25,21:00,USD,ADA,0.2966656058
2026-02-25,21:00,USD,BONK,0.00000642139174
2026-02-25,21:00,USD,BRL,0.19428
2026-02-25,21:00,USD,EUR,1.1786
2026-02-25,21:00,USD,NIGHT,0.0597377697
2026-02-25,21:00,USD,SNEK,0.0006212505064
2026-02-25,21:00,USD,SOL,87.9095713346
2026-02-25,21:00,USD,WIF,0.2141023457
2026-02-26,21:00,USD,ADA,0.2869716928
2026-02-26,21:00,USD,BONK,0.00000612655602
2026-02-26,21:00,USD,BRL,0.19467
2026-02-26,21:00,USD,EUR,1.1808
2026-02-26,21:00,USD,NIGHT,0.0603194011
2026-02-26,21:00,USD,SNEK,0.000571921854
2026-02-26,21:00,USD,SOL,85.9091372582
2026-02-26,21:00,USD,WIF,0.2090988407
2026-02-27,21:00,USD,ADA,0.277620737
2026-02-27,21:00,USD,BONK,0.00000593482569
2026-02-27,21:00,USD,BRL,0.19436
2026-02-27,21:00,USD,EUR,1.1804
2026-02-27,21:00,USD,NIGHT,0.0582413746
2026-02-27,21:00,USD,SNEK,0.00054595682265
2026-02-27,21:00,USD,SOL,81.9506631684
2026-02-27,21:00,USD,WIF,0.2040039769
2026-02-28,21:00,USD,ADA,0.2816148328
2026-02-28,21:00,USD,BONK,0.00000601252471
2026-02-28,21:00,USD,BRL,0.19431
2026-02-28,21:00,USD,EUR,1.1804
2026-02-28,21:00,USD,NIGHT,0.0583629395
2026-02-28,21:00,USD,SNEK,0.00057050422859
2026-02-28,21:00,USD,SOL,84.3663476054
2026-02-28,21:00,USD,WIF,0.1950083251
2026-03-01,21:00,USD,ADA,0.2735807087
2026-03-01,21:00,USD,BONK,0.00000583389654
2026-03-01,21:00,USD,BRL,0.19431
2026-03-01,21:00,USD,EUR,1.1804
2026-03-01,21:00,USD,NIGHT,0.0574655935
2026-03-01,21:00,USD,SNEK,0.00055123186169
2026-03-01,21:00,USD,SOL,83.5764541102
2026-03-01,21:00,USD,WIF,0.1903654836
2026-03-02,21:00,USD,ADA,0.2768436584
2026-03-02,21:00,USD,BONK,0.00000600396958
2026-03-02,21:00,USD,BRL,0.1936
2026-03-02,21:00,USD,EUR,1.1753
2026-03-02,21:00,USD,NIGHT,0.0599948881
2026-03-02,21:00,USD,SNEK,0.0005552109515
2026-03-02,21:00,USD,SOL,86.6362443256
2026-03-02,21:00,USD,WIF,0.2011761387
2026-03-03,21:00,USD,ADA,0.2628882559
2026-03-03,21:00,USD,BONK,0.00000597528479
2026-03-03,21:00,USD,BRL,0.19175
2026-03-03,21:00,USD,EUR,1.1671
2026-03-03,21:00,USD,NIGHT,0.0599935154
2026-03-03,21:00,USD,SNEK,0.00053178187558
2026-03-03,21:00,USD,SOL,87.0195704809
2026-03-03,21:00,USD,WIF,0.2040506162
2026-03-04,21:00,USD,ADA,0.2761018069
2026-03-04,21:00,USD,BONK,0.00000624747157
2026-03-04,21:00,USD,BRL,0.19121
2026-03-04,21:00,USD,EUR,1.1626
2026-03-04,21:00,USD,NIGHT,0.0623467779
2026-03-04,21:00,USD,SNEK,0.00056407666767
2026-03-04,21:00,USD,SOL,90.8342633589
2026-03-04,21:00,USD,WIF,0.2145669805
2026-03-05,21:00,USD,ADA,0.2689978577
2026-03-05,21:00,USD,BONK,0.00000609753428
2026-03-05,21:00,USD,BRL,0.19054
2026-03-05,21:00,USD,EUR,1.1622
2026-03-05,21:00,USD,NIGHT,0.0595713368
2026-03-05,21:00,USD,SNEK,0.00052907673157
2026-03-05,21:00,USD,SOL,88.6934737198
2026-03-05,21:00,USD,WIF,0.2144199349
2026-03-06,21:00,USD,ADA,0.2590373561
2026-03-06,21:00,USD,BONK,0.00000585961476
2026-03-06,21:00,USD,BRL,0.1899
2026-03-06,21:00,USD,EUR,1.1603
2026-03-06,21:00,USD,NIGHT,0.0592956365
2026-03-06,21:00,USD,SNEK,0.00050818812419
2026-03-06,21:00,USD,SOL,84.6805549084
2026-03-06,21:00,USD,WIF,0.1890479653
2026-03-07,21:00,USD,ADA,0.2546730318
2026-03-07,21:00,USD,BONK,0.00000567189552
2026-03-07,21:00,USD,BRL,0.18983
2026-03-07,21:00,USD,EUR,1.1599
2026-03-07,21:00,USD,NIGHT,0.0565100452
2026-03-07,21:00,USD,SNEK,0.0004987569835
2026-03-07,21:00,USD,SOL,83.1800373123
2026-03-07,21:00,USD,WIF,0.1777217513
2026-03-08,21:00,USD,ADA,0.249249842
2026-03-08,21:00,USD,BONK,0.0000055724699
2026-03-08,21:00,USD,BRL,0.18983
2026-03-08,21:00,USD,EUR,1.1598
2026-03-08,21:00,USD,NIGHT,0.0555265284
2026-03-08,21:00,USD,SNEK,0.00048759637224
2026-03-08,21:00,USD,SOL,81.6245587171
2026-03-08,21:00,USD,WIF,0.1774543207
2026-03-09,21:00,USD,ADA,0.2549962662
2026-03-09,21:00,USD,BONK,0.00000584136345
2026-03-09,21:00,USD,BRL,0.19094
2026-03-09,21:00,USD,EUR,1.1571
2026-03-09,21:00,USD,NIGHT,0.0559391882
2026-03-09,21:00,USD,SNEK,0.00052805552464
2026-03-09,21:00,USD,SOL,84.9374957563
2026-03-09,21:00,USD,WIF,0.170814798
2026-03-10,21:00,USD,ADA,0.2620149422
2026-03-10,21:00,USD,BONK,0.00000593436379
2026-03-10,21:00,USD,BRL,0.19286
2026-03-10,21:00,USD,EUR,1.1619
2026-03-10,21:00,USD,NIGHT,0.0531689468
2026-03-10,21:00,USD,SNEK,0.00054927971799
2026-03-10,21:00,USD,SOL,85.8381548718
2026-03-10,21:00,USD,WIF,0.1639365299
2026-03-11,21:00,USD,ADA,0.2625381112
2026-03-11,21:00,USD,BONK,0.00000595913445
2026-03-11,21:00,USD,BRL,0.19361
2026-03-11,21:00,USD,EUR,1.1622
2026-03-11,21:00,USD,NIGHT,0.0483576432
2026-03-11,21:00,USD,SNEK,0.00051610907486
2026-03-11,21:00,USD,SOL,86.5666841816
2026-03-11,21:00,USD,WIF,0.165873519
2026-03-12,21:00,USD,ADA,0.2631970868
2026-03-12,21:00,USD,BONK,0.00000608361899
2026-03-12,21:00,USD,BRL,0.19323
2026-03-12,21:00,USD,EUR,1.1573
2026-03-12,21:00,USD,NIGHT,0.0493183276
2026-03-12,21:00,USD,SNEK,0.00050934876745
2026-03-12,21:00,USD,SOL,86.8677056277
2026-03-12,21:00,USD,WIF,0.1699601774
2026-03-13,21:00,USD,ADA,0.2656954314
2026-03-13,21:00,USD,BONK,0.00000613573682
2026-03-13,21:00,USD,BRL,0.19109
2026-03-13,21:00,USD,EUR,1.1514
2026-03-13,21:00,USD,NIGHT,0.0490858732
2026-03-13,21:00,USD,SNEK,0.00051221967405
2026-03-13,21:00,USD,SOL,88.1541321942
2026-03-13,21:00,USD,WIF,0.1678206539
2026-03-14,21:00,USD,ADA,0.2634440417
2026-03-14,21:00,USD,BONK,0.00000603773112
2026-03-14,21:00,USD,BRL,0.1909
2026-03-14,21:00,USD,EUR,1.1507
2026-03-14,21:00,USD,NIGHT,0.0497336807
2026-03-14,21:00,USD,SNEK,0.00049728901738
2026-03-14,21:00,USD,SOL,88.0704350364
2026-03-14,21:00,USD,WIF,0.1665922135
2026-03-15,21:00,USD,ADA,0.2698499119
2026-03-15,21:00,USD,BONK,0.00000606982447
2026-03-15,21:00,USD,BRL,0.1909
2026-03-15,21:00,USD,EUR,1.1503
2026-03-15,21:00,USD,NIGHT,0.0503270554
2026-03-15,21:00,USD,SNEK,0.00050635678342
2026-03-15,21:00,USD,SOL,92.2581320553
2026-03-15,21:00,USD,WIF,0.1699172916
2026-03-16,21:00,USD,ADA,0.290378157
2026-03-16,21:00,USD,BONK,0.00000664180523
2026-03-16,21:00,USD,BRL,0.1895
2026-03-16,21:00,USD,EUR,1.1474
2026-03-16,21:00,USD,NIGHT,0.0518514048
2026-03-16,21:00,USD,SNEK,0.00052974294557
2026-03-16,21:00,USD,SOL,96.2242323
2026-03-16,21:00,USD,WIF,0.1897921243
2026-03-17,21:00,USD,ADA,0.2890642461
2026-03-17,21:00,USD,BONK,0.00000663223691
2026-03-17,21:00,USD,BRL,0.19104
2026-03-17,21:00,USD,EUR,1.1509
2026-03-17,21:00,USD,NIGHT,0.0500858269
2026-03-17,21:00,USD,SNEK,0.00053508285729
2026-03-17,21:00,USD,SOL,94.7046465902
2026-03-17,21:00,USD,WIF,0.1889396241
2026-03-18,21:00,USD,ADA,0.2741904692
2026-03-18,21:00,USD,BONK,0.00000615980123
2026-03-18,21:00,USD,BRL,0.19181
2026-03-18,21:00,USD,EUR,1.1528
2026-03-18,21:00,USD,NIGHT,0.04731184
2026-03-18,21:00,USD,SNEK,0.00049520183944
2026-03-18,21:00,USD,SOL,90.0644202856
2026-03-18,21:00,USD,WIF,0.1804791084
2026-03-19,21:00,USD,ADA,0.2673536114
2026-03-19,21:00,USD,BONK,0.00000596566868
2026-03-19,21:00,USD,BRL,0.19042
2026-03-19,21:00,USD,EUR,1.1503
2026-03-19,21:00,USD,NIGHT,0.0436578239
2026-03-19,21:00,USD,SNEK,0.00047975208507
2026-03-19,21:00,USD,SOL,88.917250281
2026-03-19,21:00,USD,WIF,0.172933359
2026-03-20,21:00,USD,ADA,0.266119155
2026-03-20,21:00,USD,BONK,0.00000592882562
2026-03-20,21:00,USD,BRL,0.1903
2026-03-20,21:00,USD,EUR,1.1536
2026-03-20,21:00,USD,NIGHT,0.0446337357
2026-03-20,21:00,USD,SNEK,0.00046798074636
2026-03-20,21:00,USD,SOL,89.8543684213
2026-03-20,21:00,USD,WIF,0.1785057328
2026-03-21,21:00,USD,ADA,0.2577891931
2026-03-21,21:00,USD,BONK,0.00000574682756
2026-03-21,21:00,USD,BRL,0.19035
2026-03-21,21:00,USD,EUR,1.1541
2026-03-21,21:00,USD,NIGHT,0.0433444667
2026-03-21,21:00,USD,SNEK,0.00043420613293
2026-03-21,21:00,USD,SOL,87.4666367159
2026-03-21,21:00,USD,WIF,0.1736403487
2026-03-22,21:00,USD,ADA,0.2505954712
2026-03-22,21:00,USD,BONK,0.00000568664266
2026-03-22,21:00,USD,BRL,0.19033
2026-03-22,21:00,USD,EUR,1.1542
2026-03-22,21:00,USD,NIGHT,0.0424350572
2026-03-22,21:00,USD,SNEK,0.0004261341526
2026-03-22,21:00,USD,SOL,86.1286935732
2026-03-22,21:00,USD,WIF,0.171732444
2026-03-23,21:00,USD,ADA,0.2616028089
2026-03-23,21:00,USD,BONK,0.0000059747776
2026-03-23,21:00,USD,BRL,0.18984
2026-03-23,21:00,USD,EUR,1.1552
2026-03-23,21:00,USD,NIGHT,0.0477460283
2026-03-23,21:00,USD,SNEK,0.00044652823289
2026-03-23,21:00,USD,SOL,91.4252105666
2026-03-23,21:00,USD,WIF,0.1864817507
2026-03-24,21:00,USD,ADA,0.2661925587
2026-03-24,21:00,USD,BONK,0.00000617766638
2026-03-24,21:00,USD,BRL,0.19017
2026-03-24,21:00,USD,EUR,1.158
2026-03-24,21:00,USD,NIGHT,0.0478037687
2026-03-24,21:00,USD,SNEK,0.00047626044556
2026-03-24,21:00,USD,SOL,90.8224235172
2026-03-24,21:00,USD,WIF,0.1920422966
2026-03-25,21:00,USD,ADA,0.2703074868
2026-03-25,21:00,USD,BONK,0.00000620254258
2026-03-25,21:00,USD,BRL,0.19101
2026-03-25,21:00,USD,EUR,1.1593
2026-03-25,21:00,USD,NIGHT,0.044858266
2026-03-25,21:00,USD,SNEK,0.00047151900154
2026-03-25,21:00,USD,SOL,91.708223365
2026-03-25,21:00,USD,WIF,0.1899675646
2026-03-26,21:00,USD,ADA,0.2547713518
2026-03-26,21:00,USD,BONK,0.00000591041457
2026-03-26,21:00,USD,BRL,0.19105
2026-03-26,21:00,USD,EUR,1.1572
2026-03-26,21:00,USD,NIGHT,0.0465007303
2026-03-26,21:00,USD,SNEK,0.00044973147941
2026-03-26,21:00,USD,SOL,86.4456989582
2026-03-26,21:00,USD,WIF,0.1869104383
2026-03-27,21:00,USD,ADA,0.2460244682
2026-03-27,21:00,USD,BONK,0.00000572154824
2026-03-27,21:00,USD,BRL,0.19072
2026-03-27,21:00,USD,EUR,1.1543
2026-03-27,21:00,USD,NIGHT,0.0457941764
2026-03-27,21:00,USD,SNEK,0.00043336651802
2026-03-27,21:00,USD,SOL,83.0184525623
2026-03-27,21:00,USD,WIF,0.1702986947
2026-03-28,21:00,USD,ADA,0.2456697553
2026-03-28,21:00,USD,BONK,0.00000573233501
2026-03-28,21:00,USD,BRL,0.19069
2026-03-28,21:00,USD,EUR,1.154
2026-03-28,21:00,USD,NIGHT,0.0511471645
2026-03-28,21:00,USD,SNEK,0.00042867656781
2026-03-28,21:00,USD,SOL,82.015688315
2026-03-28,21:00,USD,WIF,0.1754922556
2026-03-29,21:00,USD,ADA,0.2395666824
2026-03-29,21:00,USD,BONK,0.00000563454784
2026-03-29,21:00,USD,BRL,0.19069
2026-03-29,21:00,USD,EUR,1.1539
2026-03-29,21:00,USD,NIGHT,0.0487504009
2026-03-29,21:00,USD,SNEK,0.00040172382792
2026-03-29,21:00,USD,SOL,81.4220131577
2026-03-29,21:00,USD,WIF,0.1710477348
2026-03-30,21:00,USD,ADA,0.2431922124
2026-03-30,21:00,USD,BONK,0.00000578080142
2026-03-30,21:00,USD,BRL,0.19072
2026-03-30,21:00,USD,EUR,1.1506
2026-03-30,21:00,USD,NIGHT,0.0434399576
2026-03-30,21:00,USD,SNEK,0.00039907063419
2026-03-30,21:00,USD,SOL,82.4438201123
2026-03-30,21:00,USD,WIF,0.1764339758
2026-03-31,21:00,USD,ADA,0.2415628694
2026-03-31,21:00,USD,BONK,0.0000058651466
2026-03-31,21:00,USD,BRL,0.1911
2026-03-31,21:00,USD,EUR,1.1489
2026-03-31,21:00,USD,NIGHT,0.0482569009
2026-03-31,21:00,USD,SNEK,0.00042712030564
2026-03-31,21:00,USD,SOL,83.1091998362
2026-03-31,21:00,USD,WIF,0.1782534529
2026-04-01,21:00,USD,ADA,0.2480595937
2026-04-01,21:00,USD,BONK,0.00000588247162
2026-04-01,21:00,USD,BRL,0.19282
2026-04-01,21:00,USD,EUR,1.1566
2026-04-01,21:00,USD,NIGHT,0.048003903
2026-04-01,21:00,USD,SNEK,0.00046062500189
2026-04-01,21:00,USD,SOL,81.1954034049
2026-04-01,21:00,USD,WIF,0.1810811041
2026-04-02,21:00,USD,ADA,0.2393581799
2026-04-02,21:00,USD,BONK,0.00000564601062
2026-04-02,21:00,USD,BRL,0.19348
2026-04-02,21:00,USD,EUR,1.1569
2026-04-02,21:00,USD,NIGHT,0.0453485083
2026-04-02,21:00,USD,SNEK,0.00042705104708
2026-04-02,21:00,USD,SOL,78.9513169503
2026-04-02,21:00,USD,WIF,0.1792017952
2026-04-03,21:00,USD,ADA,0.2461691184
2026-04-03,21:00,USD,BONK,0.0000057131094
2026-04-03,21:00,USD,BRL,0.19364
2026-04-03,21:00,USD,EUR,1.1555
2026-04-03,21:00,USD,NIGHT,0.0437492251
2026-04-03,21:00,USD,SNEK,0.00043250591363
2026-04-03,21:00,USD,SOL,80.3687522146
2026-04-03,21:00,USD,WIF,0.181642256
2026-04-04,21:00,USD,ADA,0.247949159
2026-04-04,21:00,USD,BONK,0.00000569602802
2026-04-04,21:00,USD,BRL,0.19366
2026-04-04,21:00,USD,EUR,1.1557
2026-04-04,21:00,USD,NIGHT,0.042583713
2026-04-04,21:00,USD,SNEK,0.00041573967248
2026-04-04,21:00,USD,SOL,80.8089536087
2026-04-04,21:00,USD,WIF,0.181554535
2026-04-05,21:00,USD,ADA,0.2504287901
2026-04-05,21:00,USD,BONK,0.00000565080792
2026-04-05,21:00,USD,BRL,0.19365
2026-04-05,21:00,USD,EUR,1.1555
2026-04-05,21:00,USD,NIGHT,0.0420996546
2026-04-05,21:00,USD,SNEK,0.00041587129971
2026-04-05,21:00,USD,SOL,81.8546345562
2026-04-05,21:00,USD,WIF,0.1816552811
2026-04-06,21:00,USD,ADA,0.2460875016
2026-04-06,21:00,USD,BONK,0.00000564320917
2026-04-06,21:00,USD,BRL,0.1938
2026-04-06,21:00,USD,EUR,1.1549
2026-04-06,21:00,USD,NIGHT,0.0408726643
2026-04-06,21:00,USD,SNEK,0.00040478140481
2026-04-06,21:00,USD,SOL,80.1437527836
2026-04-06,21:00,USD,WIF,0.1786192476
2026-04-07,21:00,USD,ADA,0.2637839602
2026-04-07,21:00,USD,BONK,0.00000611014287
2026-04-07,21:00,USD,BRL,0.19403
2026-04-07,21:00,USD,EUR,1.1566
2026-04-07,21:00,USD,NIGHT,0.0425393657
2026-04-07,21:00,USD,SNEK,0.00042953939971
2026-04-07,21:00,USD,SOL,85.6492202037
2026-04-07,21:00,USD,WIF,0.1995173387
2026-04-08,21:00,USD,ADA,0.2507109406
2026-04-08,21:00,USD,BONK,0.00000578876016
2026-04-08,21:00,USD,BRL,0.19529
2026-04-08,21:00,USD,EUR,1.1651
2026-04-08,21:00,USD,NIGHT,0.040779544
2026-04-08,21:00,USD,SNEK,0.00041751845199
2026-04-08,21:00,USD,SOL,82.5819133629
2026-04-08,21:00,USD,WIF,0.1940412643
2026-04-09,21:00,USD,ADA,0.2538219208
2026-04-09,21:00,USD,BONK,0.00000587203965
2026-04-09,21:00,USD,BRL,0.19594
2026-04-09,21:00,USD,EUR,1.1684
2026-04-09,21:00,USD,NIGHT,0.0407610333
2026-04-09,21:00,USD,SNEK,0.00043444403645
2026-04-09,21:00,USD,SOL,83.297481694
2026-04-09,21:00,USD,WIF,0.198603331
2026-04-10,21:00,USD,ADA,0.2542603056
2026-04-10,21:00,USD,BONK,0.00000596375532
2026-04-10,21:00,USD,BRL,0.19761
2026-04-10,21:00,USD,EUR,1.1697
2026-04-10,21:00,USD,NIGHT,0.0407693472
2026-04-10,21:00,USD,SNEK,0.00045320594884
2026-04-10,21:00,USD,SOL,84.8285796627
2026-04-10,21:00,USD,WIF,0.1982107149
2026-04-11,21:00,USD,ADA,0.2496619767
2026-04-11,21:00,USD,BONK,0.00000593671567
2026-04-11,21:00,USD,BRL,0.19761
2026-04-11,21:00,USD,EUR,1.1698
2026-04-11,21:00,USD,NIGHT,0.0406888938
2026-04-11,21:00,USD,SNEK,0.00044806957047
2026-04-11,21:00,USD,SOL,84.9494167936
2026-04-11,21:00,USD,WIF,0.1987537815
2026-04-12,21:00,USD,ADA,0.2362717822
2026-04-12,21:00,USD,BONK,0.00000563238913
2026-04-12,21:00,USD,BRL,0.19761
2026-04-12,21:00,USD,EUR,1.1699
2026-04-12,21:00,USD,NIGHT,0.0379899221
2026-04-12,21:00,USD,SNEK,0.00041799883013
2026-04-12,21:00,USD,SOL,81.5352331731
2026-04-12,21:00,USD,WIF,0.1874575668
2026-04-13,21:00,USD,ADA,0.2485915902
2026-04-13,21:00,USD,BONK,0.00000611156864
2026-04-13,21:00,USD,BRL,0.19867
2026-04-13,21:00,USD,EUR,1.1702
2026-04-13,21:00,USD,NIGHT,0.0394806256
2026-04-13,21:00,USD,SNEK,0.00043403703285
2026-04-13,21:00,USD,SOL,86.6541219977
2026-04-13,21:00,USD,WIF,0.2015682761
2026-04-14,21:00,USD,ADA,0.2396684841
2026-04-14,21:00,USD,BONK,0.00000585456082
2026-04-14,21:00,USD,BRL,0.19998
2026-04-14,21:00,USD,EUR,1.1761
2026-04-14,21:00,USD,NIGHT,0.0360609951
2026-04-14,21:00,USD,SNEK,0.00041782925357
2026-04-14,21:00,USD,SOL,83.7742255125
2026-04-14,21:00,USD,WIF,0.1934146671
2026-04-15,21:00,USD,ADA,0.2459039288
2026-04-15,21:00,USD,BONK,0.00000607938073
2026-04-15,21:00,USD,BRL,0.20018
2026-04-15,21:00,USD,EUR,1.1789
2026-04-15,21:00,USD,NIGHT,0.0360778822
2026-04-15,21:00,USD,SNEK,0.00042486584976
2026-04-15,21:00,USD,SOL,84.919864338
2026-04-15,21:00,USD,WIF,0.1998380662
2026-04-16,21:00,USD,ADA,0.259245857
2026-04-16,21:00,USD,BONK,0.00000649705385
2026-04-16,21:00,USD,BRL,0.20022
2026-04-16,21:00,USD,EUR,1.179
2026-04-16,21:00,USD,NIGHT,0.036654269
2026-04-16,21:00,USD,SNEK,0.0004887591471
2026-04-16,21:00,USD,SOL,88.9952252554
2026-04-16,21:00,USD,WIF,0.2185355482
2026-04-17,21:00,USD,ADA,0.2588641956
2026-04-17,21:00,USD,BONK,0.00000643519009
2026-04-17,21:00,USD,BRL,0.20052
2026-04-17,21:00,USD,EUR,1.1783
2026-04-17,21:00,USD,NIGHT,0.0371229853
2026-04-17,21:00,USD,SNEK,0.00052218648283
2026-04-17,21:00,USD,SOL,88.8743296776
2026-04-17,21:00,USD,WIF,0.2153173042
2026-04-18,21:00,USD,ADA,0.2494989064
2026-04-18,21:00,USD,BONK,0.00000605702559
2026-04-18,21:00,USD,BRL,0.20056
2026-04-18,21:00,USD,EUR,1.1784
2026-04-18,21:00,USD,NIGHT,0.0384087632
2026-04-18,21:00,USD,SNEK,0.00048282514731
2026-04-18,21:00,USD,SOL,86.2026127132
2026-04-18,21:00,USD,WIF,0.2030599161
2026-04-19,21:00,USD,ADA,0.2425258065
2026-04-19,21:00,USD,BONK,0.00000591203226
2026-04-19,21:00,USD,BRL,0.20057
2026-04-19,21:00,USD,EUR,1.1784
2026-04-19,21:00,USD,NIGHT,0.03639185
2026-04-19,21:00,USD,SNEK,0.00047998575479
2026-04-19,21:00,USD,SOL,83.5799544133
2026-04-19,21:00,USD,WIF,0.1944784163
2026-04-20,21:00,USD,ADA,0.2482864709
2026-04-20,21:00,USD,BONK,0.00000610805171
2026-04-20,21:00,USD,BRL,0.20064
2026-04-20,21:00,USD,EUR,1.1773
2026-04-20,21:00,USD,NIGHT,0.0361189432
2026-04-20,21:00,USD,SNEK,0.00048816876579
2026-04-20,21:00,USD,SOL,85.3319863777
2026-04-20,21:00,USD,WIF,0.199419778
2026-04-21,21:00,USD,ADA,0.2496526035
2026-04-21,21:00,USD,BONK,0.00000617655579
2026-04-21,21:00,USD,BRL,0.20128
2026-04-21,21:00,USD,EUR,1.1777
2026-04-21,21:00,USD,NIGHT,0.0363562362
2026-04-21,21:00,USD,SNEK,0.00048587921569
2026-04-21,21:00,USD,SOL,86.0295469151
2026-04-21,21:00,USD,WIF,0.196607348
2026-04-22,21:00,USD,ADA,0.2485602337
2026-04-22,21:00,USD,BONK,0.0000063417336
2026-04-22,21:00,USD,BRL,0.20127
2026-04-22,21:00,USD,EUR,1.1752
2026-04-22,21:00,USD,NIGHT,0.0370925124
2026-04-22,21:00,USD,SNEK,0.00053884061851
2026-04-22,21:00,USD,SOL,86.9165223143
2026-04-22,21:00,USD,WIF,0.1898223855
2026-04-23,21:00,USD,ADA,0.2500089923
2026-04-23,21:00,USD,BONK,0.00000634828207
2026-04-23,21:00,USD,BRL,0.20136
2026-04-23,21:00,USD,EUR,1.172
2026-04-23,21:00,USD,NIGHT,0.0367251167
2026-04-23,21:00,USD,SNEK,0.00052922898577
2026-04-23,21:00,USD,SOL,86.1401892179
2026-04-23,21:00,USD,WIF,0.1793201287
2026-04-24,21:00,USD,ADA,0.2504436698
2026-04-24,21:00,USD,BONK,0.00000632435766
2026-04-24,21:00,USD,BRL,0.20013
2026-04-24,21:00,USD,EUR,1.1701
2026-04-24,21:00,USD,NIGHT,0.0374289674
2026-04-24,21:00,USD,SNEK,0.00050764705242
2026-04-24,21:00,USD,SOL,86.2316526363
2026-04-24,21:00,USD,WIF,0.1789073415
2026-04-25,21:00,USD,ADA,0.2502699363
2026-04-25,21:00,USD,BONK,0.00000621388375
2026-04-25,21:00,USD,BRL,0.20001
2026-04-25,21:00,USD,EUR,1.1703
2026-04-25,21:00,USD,NIGHT,0.0357436209
2026-04-25,21:00,USD,SNEK,0.0004978919195
2026-04-25,21:00,USD,SOL,86.1511766323
2026-04-25,21:00,USD,WIF,0.1782627062
2026-04-26,21:00,USD,ADA,0.252328287
2026-04-26,21:00,USD,BONK,0.00000630675142
2026-04-26,21:00,USD,BRL,0.20001
2026-04-26,21:00,USD,EUR,1.1704
2026-04-26,21:00,USD,NIGHT,0.0356064584
2026-04-26,21:00,USD,SNEK,0.00049098409431
2026-04-26,21:00,USD,SOL,86.9707211141
2026-04-26,21:00,USD,WIF,0.1783013759
2026-04-27,21:00,USD,ADA,0.2481532504
2026-04-27,21:00,USD,BONK,0.00000622996151
2026-04-27,21:00,USD,BRL,0.20068
2026-04-27,21:00,USD,EUR,1.1733
2026-04-27,21:00,USD,NIGHT,0.0350546271
2026-04-27,21:00,USD,SNEK,0.00047633718708
2026-04-27,21:00,USD,SOL,84.818076669
2026-04-27,21:00,USD,WIF,0.1775087108
2026-04-28,21:00,USD,ADA,0.2468058264
2026-04-28,21:00,USD,BONK,0.00000623174339
2026-04-28,21:00,USD,BRL,0.20044
2026-04-28,21:00,USD,EUR,1.1715
2026-04-28,21:00,USD,NIGHT,0.0342878957
2026-04-28,21:00,USD,SNEK,0.00046075037749
2026-04-28,21:00,USD,SOL,84.038066036
2026-04-28,21:00,USD,WIF,0.1788001335
2026-04-29,21:00,USD,ADA,0.2445165547
2026-04-29,21:00,USD,BONK,0.00000617327466
2026-04-29,21:00,USD,BRL,0.20053
2026-04-29,21:00,USD,EUR,1.1704
2026-04-29,21:00,USD,NIGHT,0.0322784872
2026-04-29,21:00,USD,SNEK,0.00045587588911
2026-04-29,21:00,USD,SOL,83.0271217323
2026-04-29,21:00,USD,WIF,0.1780498372
2026-04-30,21:00,USD,ADA,0.2461791253
2026-04-30,21:00,USD,BONK,0.00000616150609
2026-04-30,21:00,USD,BRL,0.20058
2026-04-30,21:00,USD,EUR,1.1703
2026-04-30,21:00,USD,NIGHT,0.0326772458
2026-04-30,21:00,USD,SNEK,0.00047066081216
2026-04-30,21:00,USD,SOL,83.0236703044
2026-04-30,21:00,USD,WIF,0.1835314852
2026-05-01,21:00,USD,ADA,0.2481186442
2026-05-01,21:00,USD,BONK,0.00000622247639
2026-05-01,21:00,USD,BRL,0.20055
2026-05-01,21:00,USD,EUR,1.1703
2026-05-01,21:00,USD,NIGHT,0.0316392908
2026-05-01,21:00,USD,SNEK,0.00046565702489
2026-05-01,21:00,USD,SOL,83.7232760748
2026-05-01,21:00,USD,WIF,0.1882252981
2026-05-02,21:00,USD,ADA,0.2500816997
2026-05-02,21:00,USD,BONK,0.00000630100419
2026-05-02,21:00,USD,BRL,0.2006
2026-05-02,21:00,USD,EUR,1.1706
2026-05-02,21:00,USD,NIGHT,0.0318926093
2026-05-02,21:00,USD,SNEK,0.00046499268975
2026-05-02,21:00,USD,SOL,84.276777658
2026-05-02,21:00,USD,WIF,0.1893765567
2026-05-03,21:00,USD,ADA,0.2494354187
2026-05-03,21:00,USD,BONK,0.00000624315172
2026-05-03,21:00,USD,BRL,0.2006
2026-05-03,21:00,USD,EUR,1.1707
2026-05-03,21:00,USD,NIGHT,0.0302396533
2026-05-03,21:00,USD,SNEK,0.00046019492504
2026-05-03,21:00,USD,SOL,83.8995773728
2026-05-03,21:00,USD,WIF,0.1878590198
2026-05-04,21:00,USD,ADA,0.2498938743
2026-05-04,21:00,USD,BONK,0.00000622931297
2026-05-04,21:00,USD,BRL,0.20133
2026-05-04,21:00,USD,EUR,1.1723
2026-05-04,21:00,USD,NIGHT,0.029878237
2026-05-04,21:00,USD,SNEK,0.00046151459316
2026-05-04,21:00,USD,SOL,84.0890219244
2026-05-04,21:00,USD,WIF,0.1908197028
2026-05-05,21:00,USD,ADA,0.262137934
2026-05-05,21:00,USD,BONK,0.00000649665984
2026-05-05,21:00,USD,BRL,0.20188
2026-05-05,21:00,USD,EUR,1.1706
2026-05-05,21:00,USD,NIGHT,0.032909845
2026-05-05,21:00,USD,SNEK,0.00051988474708
2026-05-05,21:00,USD,SOL,86.3188991693
2026-05-05,21:00,USD,WIF,0.2001135002
2026-05-06,21:00,USD,ADA,0.2667130257
2026-05-06,21:00,USD,BONK,0.00000678703864
2026-05-06,21:00,USD,BRL,0.20307
2026-05-06,21:00,USD,EUR,1.1735
2026-05-06,21:00,USD,NIGHT,0.0320119153
2026-05-06,21:00,USD,SNEK,0.00051818533045
2026-05-06,21:00,USD,SOL,89.1456663554
2026-05-06,21:00,USD,WIF,0.2212409117
2026-05-07,21:00,USD,ADA,0.2626230561
2026-05-07,21:00,USD,BONK,0.00000678414537
2026-05-07,21:00,USD,BRL,0.20326
2026-05-07,21:00,USD,EUR,1.1765
2026-05-07,21:00,USD,NIGHT,0.0319094033
2026-05-07,21:00,USD,SNEK,0.00049727999773
2026-05-07,21:00,USD,SOL,88.404787279
2026-05-07,21:00,USD,WIF,0.2192498775
2026-05-08,21:00,USD,ADA,0.2732597171
2026-05-08,21:00,USD,BONK,0.00000718978472
2026-05-08,21:00,USD,BRL,0.20343
2026-05-08,21:00,USD,EUR,1.1764
2026-05-08,21:00,USD,NIGHT,0.0324797534
2026-05-08,21:00,USD,SNEK,0.00054341238329
2026-05-08,21:00,USD,SOL,91.9498248617
2026-05-08,21:00,USD,WIF,0.2253568748
2026-05-09,21:00,USD,ADA,0.2707899007
2026-05-09,21:00,USD,BONK,0.00000724078025
2026-05-09,21:00,USD,BRL,0.20343
2026-05-09,21:00,USD,EUR,1.1765
2026-05-09,21:00,USD,NIGHT,0.0326895513
2026-05-09,21:00,USD,SNEK,0.00053777509862
2026-05-09,21:00,USD,SOL,93.1455804151
2026-05-09,21:00,USD,WIF,0.2250182395
2026-05-10,21:00,USD,ADA,0.2825006358
2026-05-10,21:00,USD,BONK,0.00000772077265
2026-05-10,21:00,USD,BRL,0.20343
2026-05-10,21:00,USD,EUR,1.1765
2026-05-10,21:00,USD,NIGHT,0.0333227196
2026-05-10,21:00,USD,SNEK,0.00057872119338
2026-05-10,21:00,USD,SOL,96.4269896209
2026-05-10,21:00,USD,WIF,0.231821335
2026-05-11,21:00,USD,ADA,0.2805337339
2026-05-11,21:00,USD,BONK,0.00000754119035
2026-05-11,21:00,USD,BRL,0.20398
2026-05-11,21:00,USD,EUR,1.1771
2026-05-11,21:00,USD,NIGHT,0.0354334154
2026-05-11,21:00,USD,SNEK,0.00059961823344
2026-05-11,21:00,USD,SOL,97.3498884188
2026-05-11,21:00,USD,WIF,0.2308428658
2026-05-12,21:00,USD,ADA,0.2709136362
2026-05-12,21:00,USD,BONK,0.00000708288558
2026-05-12,21:00,USD,BRL,0.20408
2026-05-12,21:00,USD,EUR,1.1757
2026-05-12,21:00,USD,NIGHT,0.0334360625
2026-05-12,21:00,USD,SNEK,0.0005591976085
2026-05-12,21:00,USD,SOL,94.2839541238
2026-05-12,21:00,USD,WIF,0.22107166
2026-05-13,21:00,USD,ADA,0.2646589991
2026-05-13,21:00,USD,BONK,0.00000683164528
2026-05-13,21:00,USD,BRL,0.20384
2026-05-13,21:00,USD,EUR,1.173
2026-05-13,21:00,USD,NIGHT,0.032443865
2026-05-13,21:00,USD,SNEK,0.00055450934755
2026-05-13,21:00,USD,SOL,91.0857457577
2026-05-13,21:00,USD,WIF,0.2160813379
2026-05-14,21:00,USD,ADA,0.27015942
2026-05-14,21:00,USD,BONK,0.00000688397189
2026-05-14,21:00,USD,BRL,0.20152
2026-05-14,21:00,USD,EUR,1.1711
2026-05-14,21:00,USD,NIGHT,0.0330702091
2026-05-14,21:00,USD,SNEK,0.00057314093811
2026-05-14,21:00,USD,SOL,92.1476311481
2026-05-14,21:00,USD,WIF,0.2202069518
2026-05-15,21:00,USD,ADA,0.2614871697
2026-05-15,21:00,USD,BONK,0.00000653299061
2026-05-15,21:00,USD,BRL,0.1996
2026-05-15,21:00,USD,EUR,1.1666
2026-05-15,21:00,USD,NIGHT,0.0326145315
2026-05-15,21:00,USD,SNEK,0.00055822822867
2026-05-15,21:00,USD,SOL,89.2005096474
2026-05-15,21:00,USD,WIF,0.2044362801
2026-05-16,21:00,USD,ADA,0.2550410797
2026-05-16,21:00,USD,BONK,0.00000623666492
2026-05-16,21:00,USD,BRL,0.19959
2026-05-16,21:00,USD,EUR,1.1661
2026-05-16,21:00,USD,NIGHT,0.0319672509
2026-05-16,21:00,USD,SNEK,0.00053361062288
2026-05-16,21:00,USD,SOL,86.5364865525
2026-05-16,21:00,USD,WIF,0.1973678127
2026-05-17,21:00,USD,ADA,0.2518756988
2026-05-17,21:00,USD,BONK,0.00000603123913
2026-05-17,21:00,USD,BRL,0.19949
2026-05-17,21:00,USD,EUR,1.1656
2026-05-17,21:00,USD,NIGHT,0.0314780678
2026-05-17,21:00,USD,SNEK,0.00053342280107
2026-05-17,21:00,USD,SOL,85.1721913361
2026-05-17,21:00,USD,WIF,0.1923547624
2026-05-18,21:00,USD,ADA,0.251354082
2026-05-18,21:00,USD,BONK,0.00000599837649
2026-05-18,21:00,USD,BRL,0.19869
2026-05-18,21:00,USD,EUR,1.1642
2026-05-18,21:00,USD,NIGHT,0.0316498657
2026-05-18,21:00,USD,SNEK,0.00053391240685
2026-05-18,21:00,USD,SOL,85.2970198437
2026-05-18,21:00,USD,WIF,0.1930020396
2026-05-19,21:00,USD,ADA,0.2482174853
2026-05-19,21:00,USD,BONK,0.00000592291424
2026-05-19,21:00,USD,BRL,0.19902
2026-05-19,21:00,USD,EUR,1.1633
2026-05-19,21:00,USD,NIGHT,0.0307322743
2026-05-19,21:00,USD,SNEK,0.00051737241158
2026-05-19,21:00,USD,SOL,84.2085194009
2026-05-19,21:00,USD,WIF,0.1891181913
2026-05-20,21:00,USD,ADA,0.2490009959
2026-05-20,21:00,USD,BONK,0.00000607811283
2026-05-20,21:00,USD,BRL,0.19889
2026-05-20,21:00,USD,EUR,1.1613
2026-05-20,21:00,USD,NIGHT,0.0299572931
2026-05-20,21:00,USD,SNEK,0.00052018421498
2026-05-20,21:00,USD,SOL,86.0420576137
2026-05-20,21:00,USD,WIF,0.1940925929
2026-05-21,21:00,USD,ADA,0.2502591215
2026-05-21,21:00,USD,BONK,0.00000624231875
2026-05-21,21:00,USD,BRL,0.19944
2026-05-21,21:00,USD,EUR,1.1612
2026-05-21,21:00,USD,NIGHT,0.0311234029
2026-05-21,21:00,USD,SNEK,0.00054149196526
2026-05-21,21:00,USD,SOL,87.1568074028
2026-05-21,21:00,USD,WIF,0.1995298688
2026-05-22,21:00,USD,ADA,0.2424218359
2026-05-22,21:00,USD,BONK,0.00000593479295
2026-05-22,21:00,USD,BRL,0.19955
2026-05-22,21:00,USD,EUR,1.1619
2026-05-22,21:00,USD,NIGHT,0.03317475
2026-05-22,21:00,USD,SNEK,0.0005387929306
2026-05-22,21:00,USD,SOL,84.3071248415
2026-05-22,21:00,USD,WIF,0.1904512882
2026-05-23,21:00,USD,ADA,0.2458760383
2026-05-23,21:00,USD,BONK,0.00000612270501
2026-05-23,21:00,USD,BRL,0.19954
2026-05-23,21:00,USD,EUR,1.1618
2026-05-23,21:00,USD,NIGHT,0.0336382854
2026-05-23,21:00,USD,SNEK,0.00054060209082
2026-05-23,21:00,USD,SOL,85.6584839027
2026-05-23,21:00,USD,WIF,0.1930594517
2026-05-24,21:00,USD,ADA,0.2421265228
2026-05-24,21:00,USD,BONK,0.00000600642315
2026-05-24,21:00,USD,BRL,0.19954
2026-05-24,21:00,USD,EUR,1.1618
2026-05-24,21:00,USD,NIGHT,0.0332992246
2026-05-24,21:00,USD,SNEK,0.00051216140716
2026-05-24,21:00,USD,SOL,85.2490314824
2026-05-24,21:00,USD,WIF,0.187273098
2026-05-25,21:00,USD,ADA,0.2434609862
2026-05-25,21:00,USD,BONK,0.0000060556688
2026-05-25,21:00,USD,BRL,0.19932
2026-05-25,21:00,USD,EUR,1.1634
2026-05-25,21:00,USD,NIGHT,0.0326423586
2026-05-25,21:00,USD,SNEK,0.00048802688896
2026-05-25,21:00,USD,SOL,85.0096952598
2026-05-25,21:00,USD,WIF,0.1930490166
2026-05-26,21:00,USD,ADA,0.2398018878
2026-05-26,21:00,USD,BONK,0.00000595395913
2026-05-26,21:00,USD,BRL,0.19917
2026-05-26,21:00,USD,EUR,1.1649
2026-05-26,21:00,USD,NIGHT,0.0330630629
2026-05-26,21:00,USD,SNEK,0.00048605282432
2026-05-26,21:00,USD,SOL,83.5865713954
2026-05-26,21:00,USD,WIF,0.1940592325
2026-05-27,21:00,USD,ADA,0.2370606588
2026-05-27,21:00,USD,BONK,0.0000057473431
2026-05-27,21:00,USD,BRL,0.19846
2026-05-27,21:00,USD,EUR,1.164
2026-05-27,21:00,USD,NIGHT,0.0353324685
2026-05-27,21:00,USD,SNEK,0.00048058662877
2026-05-27,21:00,USD,SOL,82.368111335
2026-05-27,21:00,USD,WIF,0.186402734
2026-05-28,21:00,USD,ADA,0.2344159316
2026-05-28,21:00,USD,BONK,0.00000545543815
2026-05-28,21:00,USD,BRL,0.19805
2026-05-28,21:00,USD,EUR,1.1637
2026-05-28,21:00,USD,NIGHT,0.0355844494
2026-05-28,21:00,USD,SNEK,0.00046919099401
2026-05-28,21:00,USD,SOL,81.9854531138
2026-05-28,21:00,USD,WIF,0.1838261583
2026-05-29,21:00,USD,ADA,0.2325983927
2026-05-29,21:00,USD,BONK,0.00000544736781
2026-05-29,21:00,USD,BRL,0.19816
2026-05-29,21:00,USD,EUR,1.1651
2026-05-29,21:00,USD,NIGHT,0.0352114913
2026-05-29,21:00,USD,SNEK,0.00046422409086
2026-05-29,21:00,USD,SOL,81.9329058049
2026-05-29,21:00,USD,WIF,0.1874706964
2026-05-30,21:00,USD,ADA,0.2354426045
2026-05-30,21:00,USD,BONK,0.00000542174629
2026-05-30,21:00,USD,BRL,0.19813
2026-05-30,21:00,USD,EUR,1.1655
2026-05-30,21:00,USD,NIGHT,0.0385534039
2026-05-30,21:00,USD,SNEK,0.00047903162412
2026-05-30,21:00,USD,SOL,82.5481507607
2026-05-30,21:00,USD,WIF,0.1898053315
2026-05-31,21:00,USD,ADA,0.2352879314
2026-05-31,21:00,USD,BONK,0.00000550996629
2026-05-31,21:00,USD,BRL,0.1981
2026-05-31,21:00,USD,EUR,1.1653
2026-05-31,21:00,USD,NIGHT,0.0364469409
2026-05-31,21:00,USD,SNEK,0.00046857631347
2026-05-31,21:00,USD,SOL,82.2980551512
2026-05-31,21:00,USD,WIF,0.1913751045
2026-06-01,21:00,USD,ADA,0.2305523522
2026-06-01,21:00,USD,BONK,0.00000552842304
2026-06-01,21:00,USD,BRL,0.19861
2026-06-01,21:00,USD,EUR,1.1654
2026-06-01,21:00,USD,NIGHT,0.0391485078
2026-06-01,21:00,USD,SNEK,0.00043964123753
2026-06-01,21:00,USD,SOL,81.0870182825
2026-06-01,21:00,USD,WIF,0.1912380051
2026-06-02,21:00,USD,ADA,0.2125548673
2026-06-02,21:00,USD,BONK,0.00000500426494
2026-06-02,21:00,USD,BRL,0.19914
2026-06-02,21:00,USD,EUR,1.1651
2026-06-02,21:00,USD,NIGHT,0.0368934952
2026-06-02,21:00,USD,SNEK,0.00038444209973
2026-06-02,21:00,USD,SOL,74.1425621784
2026-06-02,21:00,USD,WIF,0.1745135624
2026-06-03,21:00,USD,ADA,0.2004490912
2026-06-03,21:00,USD,BONK,0.00000504129968
2026-06-03,21:00,USD,BRL,0.19897
2026-06-03,21:00,USD,EUR,1.1632
2026-06-03,21:00,USD,NIGHT,0.0378963227
2026-06-03,21:00,USD,SNEK,0.00038487732472
2026-06-03,21:00,USD,SOL,71.6120764868
2026-06-03,21:00,USD,WIF,0.189667988
2026-06-04,21:00,USD,ADA,0.1796485412
2026-06-04,21:00,USD,BONK,0.00000474449762
2026-06-04,21:00,USD,BRL,0.19802
2026-06-04,21:00,USD,EUR,1.1625
2026-06-04,21:00,USD,NIGHT,0.0374131511
2026-06-04,21:00,USD,SNEK,0.00032597546118
2026-06-04,21:00,USD,SOL,68.7189376246
2026-06-04,21:00,USD,WIF,0.1670854435
2026-06-05,21:00,USD,ADA,0.1566278289
2026-06-05,21:00,USD,BONK,0.00000427554999
2026-06-05,21:00,USD,BRL,0.19699
2026-06-05,21:00,USD,EUR,1.162
2026-06-05,21:00,USD,NIGHT,0.0309900636
2026-06-05,21:00,USD,SNEK,0.0002801601474
2026-06-05,21:00,USD,SOL,63.4875586027
2026-06-05,21:00,USD,WIF,0.1524659838
2026-06-06,21:00,USD,ADA,0.1572561762
2026-06-06,21:00,USD,BONK,0.00000424055951
2026-06-06,21:00,USD,BRL,0.197
2026-06-06,21:00,USD,EUR,1.1619
2026-06-06,21:00,USD,NIGHT,0.0308618955
2026-06-06,21:00,USD,SNEK,0.00029944746901
2026-06-06,21:00,USD,SOL,62.1892658606
2026-06-06,21:00,USD,WIF,0.1523607511
2026-06-07,21:00,USD,ADA,0.1649741123
2026-06-07,21:00,USD,BONK,0.00000442591662
2026-06-07,21:00,USD,BRL,0.19699
2026-06-07,21:00,USD,EUR,1.1618
2026-06-07,21:00,USD,NIGHT,0.0296700714
2026-06-07,21:00,USD,SNEK,0.00030762984309
2026-06-07,21:00,USD,SOL,66.3108170842
2026-06-07,21:00,USD,WIF,0.1583611493
2026-06-08,21:00,USD,ADA,0.1703366851
2026-06-08,21:00,USD,BONK,0.00000439062514
2026-06-08,21:00,USD,BRL,0.19458
2026-06-08,21:00,USD,EUR,1.1568
2026-06-08,21:00,USD,NIGHT,0.0326231891
2026-06-08,21:00,USD,SNEK,0.00036230490435
2026-06-08,21:00,USD,SOL,66.7952547026
2026-06-08,21:00,USD,WIF,0.1582003404
2026-06-09,21:00,USD,ADA,0.1652682809
2026-06-09,21:00,USD,BONK,0.00000435549229
2026-06-09,21:00,USD,BRL,0.19341
2026-06-09,21:00,USD,EUR,1.1551
2026-06-09,21:00,USD,NIGHT,0.0313066297
2026-06-09,21:00,USD,SNEK,0.00035084574199
2026-06-09,21:00,USD,SOL,64.962151698
2026-06-09,21:00,USD,WIF,0.1549357789
2026-06-10,21:00,USD,ADA,0.1607664912
2026-06-10,21:00,USD,BONK,0.00000421747334
2026-06-10,21:00,USD,BRL,0.19309
2026-06-10,21:00,USD,EUR,1.1559
2026-06-10,21:00,USD,NIGHT,0.0310698352
2026-06-10,21:00,USD,SNEK,0.00032809946622
2026-06-10,21:00,USD,SOL,63.1606518262
2026-06-10,21:00,USD,WIF,0.1475220064
2026-06-11,21:00,USD,ADA,0.1703377206
2026-06-11,21:00,USD,BONK,0.00000441033698
2026-06-11,21:00,USD,BRL,0.19364
2026-06-11,21:00,USD,EUR,1.1546
2026-06-11,21:00,USD,NIGHT,0.0327911135
2026-06-11,21:00,USD,SNEK,0.00035810617685
2026-06-11,21:00,USD,SOL,66.8225843747
2026-06-11,21:00,USD,WIF,0.157170984
2026-06-12,21:00,USD,ADA,0.169828517
2026-06-12,21:00,USD,BONK,0.00000439332496
2026-06-12,21:00,USD,BRL,0.19546
2026-06-12,21:00,USD,EUR,1.1565
2026-06-12,21:00,USD,NIGHT,0.0340671184
2026-06-12,21:00,USD,SNEK,0.00038191174661
2026-06-12,21:00,USD,SOL,66.7500746651
2026-06-12,21:00,USD,WIF,0.1571901693
2026-06-13,21:00,USD,ADA,0.171752064
2026-06-13,21:00,USD,BONK,0.00000449525535
2026-06-13,21:00,USD,BRL,0.19563
2026-06-13,21:00,USD,EUR,1.1568
2026-06-13,21:00,USD,NIGHT,0.0319254923
2026-06-13,21:00,USD,SNEK,0.00040405087828
2026-06-13,21:00,USD,SOL,68.8728734683
2026-06-13,21:00,USD,WIF,0.1602717866
2026-06-14,21:00,USD,ADA,0.1827766774
2026-06-14,21:00,USD,BONK,0.00000465136147
2026-06-14,21:00,USD,BRL,0.19566
2026-06-14,21:00,USD,EUR,1.157
2026-06-14,21:00,USD,NIGHT,0.0320478225
2026-06-14,21:00,USD,SNEK,0.00043121292989
2026-06-14,21:00,USD,SOL,71.1662290598
2026-06-14,21:00,USD,WIF,0.1644068053
2026-06-15,21:00,USD,ADA,0.1785577019
2026-06-15,21:00,USD,BONK,0.00000481966386
2026-06-15,21:00,USD,BRL,0.19728
2026-06-15,21:00,USD,EUR,1.1606
2026-06-15,21:00,USD,NIGHT,0.0341151695
2026-06-15,21:00,USD,SNEK,0.00042410596303
2026-06-15,21:00,USD,SOL,73.9792496797
2026-06-15,21:00,USD,WIF,0.1678065132
2026-06-16,21:00,USD,ADA,0.1721482234
2026-06-16,21:00,USD,BONK,0.00000478474865
2026-06-16,21:00,USD,BRL,0.19734
2026-06-16,21:00,USD,EUR,1.1603
2026-06-16,21:00,USD,NIGHT,0.0325994301
2026-06-16,21:00,USD,SNEK,0.00041529175865
2026-06-16,21:00,USD,SOL,73.4137910717
2026-06-16,21:00,USD,WIF,0.1701131899
2026-06-17,21:00,USD,ADA,0.1665915639
2026-06-17,21:00,USD,BONK,0.00000463258933
2026-06-17,21:00,USD,BRL,0.19691
2026-06-17,21:00,USD,EUR,1.1609
2026-06-17,21:00,USD,NIGHT,0.0302588454
2026-06-17,21:00,USD,SNEK,0.00039353972808
2026-06-17,21:00,USD,SOL,71.9300103433
2026-06-17,21:00,USD,WIF,0.1671009076
2026-06-18,21:00,USD,ADA,0.163425674
2026-06-18,21:00,USD,BONK,0.00000452454873
2026-06-18,21:00,USD,BRL,0.19499
2026-06-18,21:00,USD,EUR,1.1526
2026-06-18,21:00,USD,NIGHT,0.0310442989
2026-06-18,21:00,USD,SNEK,0.00037427465246
2026-06-18,21:00,USD,SOL,69.6249384254
2026-06-18,21:00,USD,WIF,0.1659169554
2026-06-19,21:00,USD,ADA,0.1620928346
2026-06-19,21:00,USD,BONK,0.00000451657002
2026-06-19,21:00,USD,BRL,0.19415
2026-06-19,21:00,USD,EUR,1.1483
2026-06-19,21:00,USD,NIGHT,0.0309750929
2026-06-19,21:00,USD,SNEK,0.00035652461254
2026-06-19,21:00,USD,SOL,69.721794199
2026-06-19,21:00,USD,WIF,0.1620706371
2026-06-20,21:00,USD,ADA,0.1630811412
2026-06-20,21:00,USD,BONK,0.0000046002046
2026-06-20,21:00,USD,BRL,0.19405
2026-06-20,21:00,USD,EUR,1.148
2026-06-20,21:00,USD,NIGHT,0.0320874989
2026-06-20,21:00,USD,SNEK,0.00036997500545
2026-06-20,21:00,USD,SOL,73.1726941305
2026-06-20,21:00,USD,WIF,0.1622055996
2026-06-21,21:00,USD,ADA,0.1566332487
2026-06-21,21:00,USD,BONK,0.00000448815762
2026-06-21,21:00,USD,BRL,0.19405
2026-06-21,21:00,USD,EUR,1.1474
2026-06-21,21:00,USD,NIGHT,0.0330426098
2026-06-21,21:00,USD,SNEK,0.00034143025194
2026-06-21,21:00,USD,SOL,72.4176478663
2026-06-21,21:00,USD,WIF,0.1602793557
2026-06-22,21:00,USD,ADA,0.1584221165
2026-06-22,21:00,USD,BONK,0.00000456179931
2026-06-22,21:00,USD,BRL,0.19422
2026-06-22,21:00,USD,EUR,1.1468
2026-06-22,21:00,USD,NIGHT,0.0322223737
2026-06-22,21:00,USD,SNEK,0.00031582719851
2026-06-22,21:00,USD,SOL,71.9075262759
2026-06-22,21:00,USD,WIF,0.1626918961
2026-06-23,21:00,USD,ADA,0.1513618775
2026-06-23,21:00,USD,BONK,0.00000440217763
2026-06-23,21:00,USD,BRL,0.19372
2026-06-23,21:00,USD,EUR,1.1432
2026-06-23,21:00,USD,NIGHT,0.0317609227
2026-06-23,21:00,USD,SNEK,0.00029163546318
2026-06-23,21:00,USD,SOL,69.6436757695
2026-06-23,21:00,USD,WIF,0.1571056814
2026-06-24,21:00,USD,ADA,0.1475142572
2026-06-24,21:00,USD,BONK,0.00000420808992
2026-06-24,21:00,USD,BRL,0.19283
2026-06-24,21:00,USD,EUR,1.1378
2026-06-24,21:00,USD,NIGHT,0.0313141804
2026-06-24,21:00,USD,SNEK,0.00030549466564
2026-06-24,21:00,USD,SOL,67.982253614
2026-06-24,21:00,USD,WIF,0.1492958133
2026-06-25,21:00,USD,ADA,0.1434263706
2026-06-25,21:00,USD,BONK,0.00000406091746
2026-06-25,21:00,USD,BRL,0.19266
2026-06-25,21:00,USD,EUR,1.1368
2026-06-25,21:00,USD,NIGHT,0.0310353661
2026-06-25,21:00,USD,SNEK,0.00029798501129
2026-06-25,21:00,USD,SOL,67.5740887702
2026-06-25,21:00,USD,WIF,0.1434349723
2026-06-26,21:00,USD,ADA,0.1482071885
2026-06-26,21:00,USD,BONK,0.00000420841046
2026-06-26,21:00,USD,BRL,0.19319
2026-06-26,21:00,USD,EUR,1.139
2026-06-26,21:00,USD,NIGHT,0.0305989583
2026-06-26,21:00,USD,SNEK,0.00030644092658
2026-06-26,21:00,USD,SOL,71.8349081728
2026-06-26,21:00,USD,WIF,0.1544866667
2026-06-27,21:00,USD,ADA,0.1451006235
2026-06-27,21:00,USD,BONK,0.00000414599167
2026-06-27,21:00,USD,BRL,0.1932
2026-06-27,21:00,USD,EUR,1.1395
2026-06-27,21:00,USD,NIGHT,0.0307632616
2026-06-27,21:00,USD,SNEK,0.00030227800693
2026-06-27,21:00,USD,SOL,70.4107747888
2026-06-27,21:00,USD,WIF,0.1661122531
2026-06-28,21:00,USD,ADA,0.1436676404
2026-06-28,21:00,USD,BONK,0.00000414006871
2026-06-28,21:00,USD,BRL,0.19319
2026-06-28,21:00,USD,EUR,1.1398
2026-06-28,21:00,USD,NIGHT,0.0298651605
2026-06-28,21:00,USD,SNEK,0.00030270743229
2026-06-28,21:00,USD,SOL,71.313092257
2026-06-28,21:00,USD,WIF,0.172870766
2026-06-29,21:00,USD,ADA,0.1455872539
2026-06-29,21:00,USD,BONK,0.00000425710811
2026-06-29,21:00,USD,BRL,0.19329
2026-06-29,21:00,USD,EUR,1.1416
2026-06-29,21:00,USD,NIGHT,0.0320602433
2026-06-29,21:00,USD,SNEK,0.0003233680547
2026-06-29,21:00,USD,SOL,74.9466511933
2026-06-29,21:00,USD,WIF,0.1756522859
2026-06-30,21:00,USD,ADA,0.1441610829
2026-06-30,21:00,USD,BONK,0.00000410228743
2026-06-30,21:00,USD,BRL,0.19322
2026-06-30,21:00,USD,EUR,1.1412
2026-06-30,21:00,USD,NIGHT,0.0310227661
2026-06-30,21:00,USD,SNEK,0.00031264622895
2026-06-30,21:00,USD,SOL,73.5262786787
2026-06-30,21:00,USD,WIF,0.1657696051
2026-07-01,21:00,USD,ADA,0.1540392123
2026-07-01,21:00,USD,BONK,0.00000425052623
2026-07-01,21:00,USD,BRL,0.19308
2026-07-01,21:00,USD,EUR,1.1407
2026-07-01,21:00,USD,NIGHT,0.0311434037
2026-07-01,21:00,USD,SNEK,0.00032603054073
2026-07-01,21:00,USD,SOL,77.3835866475
2026-07-01,21:00,USD,WIF,0.1678001856
2026-07-02,21:00,USD,ADA,0.1612917759
2026-07-02,21:00,USD,BONK,0.00000434023404
2026-07-02,21:00,USD,BRL,0.19243
2026-07-02,21:00,USD,EUR,1.141
2026-07-02,21:00,USD,NIGHT,0.0320959932
2026-07-02,21:00,USD,SNEK,0.00033180380739
2026-07-02,21:00,USD,SOL,80.6439785234
2026-07-02,21:00,USD,WIF,0.1722645232
2026-07-03,21:00,USD,ADA,0.1799180623
2026-07-03,21:00,USD,BONK,0.0000049671146
2026-07-03,21:00,USD,BRL,0.1925
2026-07-03,21:00,USD,EUR,1.1444
2026-07-03,21:00,USD,NIGHT,0.0333958726
2026-07-03,21:00,USD,SNEK,0.00040973243107
2026-07-03,21:00,USD,SOL,82.2802169198
2026-07-03,21:00,USD,WIF,0.1828598422
2026-07-04,21:00,USD,ADA,0.1920311781
2026-07-04,21:00,USD,BONK,0.00000484862958
2026-07-04,21:00,USD,BRL,0.19249
2026-07-04,21:00,USD,EUR,1.1449
2026-07-04,21:00,USD,NIGHT,0.0344187503
2026-07-04,21:00,USD,SNEK,0.00041631160184
2026-07-04,21:00,USD,SOL,81.6492387551
2026-07-04,21:00,USD,WIF,0.175598954
2026-07-05,21:00,USD,ADA,0.1893680876
2026-07-05,21:00,USD,BONK,0.0000048938158
2026-07-05,21:00,USD,BRL,0.19249
2026-07-05,21:00,USD,EUR,1.145
2026-07-05,21:00,USD,NIGHT,0.0339104152
2026-07-05,21:00,USD,SNEK,0.00040397801257
2026-07-05,21:00,USD,SOL,81.4249950115
2026-07-05,21:00,USD,WIF,0.1778055677
2026-07-06,21:00,USD,ADA,0.1840309828
2026-07-06,21:00,USD,BONK,0.00000440355186
2026-07-06,21:00,USD,BRL,0.19316
2026-07-06,21:00,USD,EUR,1.1443
2026-07-06,21:00,USD,NIGHT,0.0342573575
2026-07-06,21:00,USD,SNEK,0.00041494677454
2026-07-06,21:00,USD,SOL,81.915674926
2026-07-06,21:00,USD,WIF,0.17133911
2026-07-07,21:00,USD,ADA,0.1744925401
2026-07-07,21:00,USD,BONK,0.00000414621968
2026-07-07,21:00,USD,BRL,0.19428
2026-07-07,21:00,USD,EUR,1.1435
2026-07-07,21:00,USD,NIGHT,0.0333103506
2026-07-07,21:00,USD,SNEK,0.00037192537362
2026-07-07,21:00,USD,SOL,80.6482167141
2026-07-07,21:00,USD,WIF,0.1654346798
2026-07-08,21:00,USD,ADA,0.1669023092
2026-07-08,21:00,USD,BONK,0.00000400609166
2026-07-08,21:00,USD,BRL,0.19403
2026-07-08,21:00,USD,EUR,1.1432
2026-07-08,21:00,USD,NIGHT,0.0318522823
2026-07-08,21:00,USD,SNEK,0.00030981977998
2026-07-08,21:00,USD,SOL,77.7870083024
2026-07-08,21:00,USD,WIF,0.1577778354
2026-07-09,21:00,USD,ADA,0.1665082025
2026-07-09,21:00,USD,BONK,0.00000396375869
2026-07-09,21:00,USD,BRL,0.19431
2026-07-09,21:00,USD,EUR,1.143
2026-07-09,21:00,USD,NIGHT,0.0311712473
2026-07-09,21:00,USD,SNEK,0.00032227638037
2026-07-09,21:00,USD,SOL,78.0442699391
2026-07-09,21:00,USD,WIF,0.1579705209
2026-07-10,21:00,USD,ADA,0.1665178139
2026-07-10,21:00,USD,BONK,0.00000416037283
2026-07-10,21:00,USD,BRL,0.19519
2026-07-10,21:00,USD,EUR,1.1442
2026-07-10,21:00,USD,NIGHT,0.0309917421
2026-07-10,21:00,USD,SNEK,0.0003332421263
2026-07-10,21:00,USD,SOL,78.0673294885
2026-07-10,21:00,USD,WIF,0.1537213951
2026-07-11,21:00,USD,ADA,0.1659493514
2026-07-11,21:00,USD,BONK,0.0000039784027
2026-07-11,21:00,USD,BRL,0.19529
2026-07-11,21:00,USD,EUR,1.1442
2026-07-11,21:00,USD,NIGHT,0.0305386995
2026-07-11,21:00,USD,SNEK,0.00034361533502
2026-07-11,21:00,USD,SOL,76.8241883509
2026-07-11,21:00,USD,WIF,0.1503696967
2026-07-12,21:00,USD,ADA,0.1619599889
2026-07-12,21:00,USD,BONK,0.00000396091288
2026-07-12,21:00,USD,BRL,0.1953
2026-07-12,21:00,USD,EUR,1.1442
2026-07-12,21:00,USD,NIGHT,0.0305138831
2026-07-12,21:00,USD,SNEK,0.00032674097085
2026-07-12,21:00,USD,SOL,76.8740578911
2026-07-12,21:00,USD,WIF,0.1494100532
2026-07-13,21:00,USD,ADA,0.1572312942
2026-07-13,21:00,USD,BONK,0.0000036905858
2026-07-13,21:00,USD,BRL,0.19547
2026-07-13,21:00,USD,EUR,1.1426
2026-07-13,21:00,USD,NIGHT,0.0292963481
2026-07-13,21:00,USD,SNEK,0.00031140793947
2026-07-13,21:00,USD,SOL,74.8617003294
2026-07-13,21:00,USD,WIF,0.1508223765
2026-07-14,21:00,USD,ADA,0.1652261583
2026-07-14,21:00,USD,BONK,0.00000379325354
2026-07-14,21:00,USD,BRL,0.19557
2026-07-14,21:00,USD,EUR,1.1422
2026-07-14,21:00,USD,NIGHT,0.0287909281
2026-07-14,21:00,USD,SNEK,0.00031817709904
2026-07-14,21:00,USD,SOL,77.762908442
2026-07-14,21:00,USD,WIF,0.1534717767
2026-07-15,21:00,USD,ADA,0.1650954862
2026-07-15,21:00,USD,BONK,0.00000370109341
2026-07-15,21:00,USD,BRL,0.19651
2026-07-15,21:00,USD,EUR,1.143
2026-07-15,21:00,USD,NIGHT,0.0293859891
2026-07-15,21:00,USD,SNEK,0.0003207446592
2026-07-15,21:00,USD,SOL,77.2636291477
2026-07-15,21:00,USD,WIF,0.1526174826
2026-07-16,21:00,USD,ADA,0.1606707779
2026-07-16,21:00,USD,BONK,0.00000346025571
2026-07-16,21:00,USD,BRL,0.19657
2026-07-16,21:00,USD,EUR,1.1462
2026-07-16,21:00,USD,NIGHT,0.0295374564
2026-07-16,21:00,USD,SNEK,0.00030108860936
2026-07-16,21:00,USD,SOL,75.2723937049
2026-07-16,21:00,USD,WIF,0.1510691096
2026-07-17,21:00,USD,ADA,0.1666419956
2026-07-17,21:00,USD,BONK,0.00000306150107
2026-07-17,21:00,USD,BRL,0.19605
2026-07-17,21:00,USD,EUR,1.1459
2026-07-17,21:00,USD,NIGHT,0.0276022005
2026-07-17,21:00,USD,SNEK,0.00030944240569
2026-07-17,21:00,USD,SOL,75.0098768139
2026-07-17,21:00,USD,WIF,0.1552950567
2026-07-18,21:00,USD,ADA,0.1666209221
2026-07-18,21:00,USD,BONK,0.00000276207998
2026-07-18,21:00,USD,BRL,0.196
2026-07-18,21:00,USD,EUR,1.1457
2026-07-18,21:00,USD,NIGHT,0.0275756025
2026-07-18,21:00,USD,SNEK,0.00030599536014
2026-07-18,21:00,USD,SOL,75.4610075771
2026-07-18,21:00,USD,WIF,0.1539961909
2026-07-19,21:00,USD,ADA,0.1659837905
2026-07-19,21:00,USD,BONK,0.00000278283231
2026-07-19,21:00,USD,BRL,0.196
2026-07-19,21:00,USD,EUR,1.1455
2026-07-19,21:00,USD,NIGHT,0.0266949195
2026-07-19,21:00,USD,SNEK,0.0003084487116
2026-07-19,21:00,USD,SOL,76.3540994244
2026-07-19,21:00,USD,WIF,0.1541227537
2026-07-20,21:00,USD,ADA,0.1697787216
2026-07-20,21:00,USD,BONK,0.00000319752337
2026-07-20,21:00,USD,BRL,0.19602
2026-07-20,21:00,USD,EUR,1.1442
2026-07-20,21:00,USD,NIGHT,0.0183309939
2026-07-20,21:00,USD,SNEK,0.00029580931358
2026-07-20,21:00,USD,SOL,77.7923817995
2026-07-20,21:00,USD,WIF,0.1525090231
2026-07-21,21:00,USD,ADA,0.173348875
2026-07-21,21:00,USD,BONK,0.00000299453793
2026-07-21,21:00,USD,BRL,0.19656
2026-07-21,21:00,USD,EUR,1.1437
2026-07-21,21:00,USD,NIGHT,0.0239291263
2026-07-21,21:00,USD,SNEK,0.00032002943118
2026-07-21,21:00,USD,SOL,78.108756186
2026-07-21,21:00,USD,WIF,0.1520766284
2026-07-22,21:00,USD,ADA,0.1742069979
2026-07-22,21:00,USD,BONK,0.00000299421294
2026-07-22,21:00,USD,BRL,0.197
2026-07-22,21:00,USD,EUR,1.1425
2026-07-22,21:00,USD,NIGHT,0.0221726417
2026-07-22,21:00,USD,SNEK,0.00031904045892
2026-07-22,21:00,USD,SOL,77.9058904775
2026-07-22,21:00,USD,WIF,0.1527374002
2026-07-23,21:00,USD,ADA,0.1683225417
2026-07-23,21:00,USD,BONK,0.00000287618201
2026-07-23,21:00,USD,BRL,0.19718
2026-07-23,21:00,USD,EUR,1.1416
2026-07-23,21:00,USD,NIGHT,0.0214350525
2026-07-23,21:00,USD,SNEK,0.00031284748099
2026-07-23,21:00,USD,SOL,75.8599079482
2026-07-23,21:00,USD,WIF,0.1435458057
2026-07-24,21:00,USD,ADA,0.1638272661
2026-07-24,21:00,USD,BONK,0.00000293478713
2026-07-24,21:00,USD,BRL,0.197
2026-07-24,21:00,USD,EUR,1.1399
2026-07-24,21:00,USD,NIGHT,0.0201786925
2026-07-24,21:00,USD,SNEK,0.00028493744602
2026-07-24,21:00,USD,SOL,73.8803371474
2026-07-24,21:00,USD,WIF,0.1438892426
2026-07-25,21:00,USD,ADA,0.1646362528
2026-07-25,21:00,USD,BONK,0.00000308594191
2026-07-25,21:00,USD,BRL,0.19695
2026-07-25,21:00,USD,EUR,1.1397
2026-07-25,21:00,USD,NIGHT,0.0196713655
2026-07-25,21:00,USD,SNEK,0.00029062337565
2026-07-25,21:00,USD,SOL,74.4288794226
2026-07-25,21:00,USD,WIF,0.1548821382
2026-07-26,21:00,USD,ADA,0.1657169449
2026-07-26,21:00,USD,BONK,0.00000310321836
2026-07-26,21:00,USD,BRL,0.19695
2026-07-26,21:00,USD,EUR,1.1397
2026-07-26,21:00,USD,NIGHT,0.0196152847
2026-07-26,21:00,USD,SNEK,0.00029646193366
2026-07-26,21:00,USD,SOL,76.6031276291
2026-07-26,21:00,USD,WIF,0.1534641731
2026-07-27,21:00,USD,ADA,0.1554338418
2026-07-27,21:00,USD,BONK,0.00000290683121
2026-07-27,21:00,USD,BRL,0.1966
2026-07-27,21:00,USD,EUR,1.1402
2026-07-27,21:00,USD,NIGHT,0.0187245921
2026-07-27,21:00,USD,SNEK,0.00028016520442
2026-07-27,21:00,USD,SOL,74.1433481212
2026-07-27,21:00,USD,WIF,0.1474356937
2026-07-28,21:00,USD,ADA,0.1615896272
2026-07-28,21:00,USD,BONK,0.00000301546286
2026-07-28,21:00,USD,BRL,0.19573
2026-07-28,21:00,USD,EUR,1.139
2026-07-28,21:00,USD,NIGHT,0.0181163888
2026-07-28,21:00,USD,SNEK,0.00028453789988
2026-07-28,21:00,USD,SOL,73.7018114759
2026-07-28,21:00,USD,WIF,0.1477636753
2026-07-29,21:00,USD,ADA,0.1620149078
2026-07-29,21:00,USD,BONK,0.00000290595385
2026-07-29,21:00,USD,BRL,0.19537
2026-07-29,21:00,USD,EUR,1.1393
2026-07-29,21:00,USD,NIGHT,0.0181772201
2026-07-29,21:00,USD,SNEK,0.00028622953969
2026-07-29,21:00,USD,SOL,73.5980577729
2026-07-29,21:00,USD,WIF,0.1440530959
2026-07-30,21:00,USD,ADA,0.1696853027
2026-07-30,21:00,USD,BONK,0.00000290241383
2026-07-30,21:00,USD,BRL,0.19595
2026-07-30,21:00,USD,EUR,1.145
2026-07-30,21:00,USD,NIGHT,0.0187542524
2026-07-30,21:00,USD,SNEK,0.00029225865315
2026-07-30,21:00,USD,SOL,74.4689023808
2026-07-30,21:00,USD,WIF,0.1444606821
2026-07-31,21:00,USD,ADA,0.1679649573
2026-07-31,21:00,USD,BONK,0.00000280680098
2026-07-31,21:00,USD,BRL,0.19711
2026-07-31,21:00,USD,EUR,1.1505
2026-07-31,21:00,USD,NIGHT,0.0181420645
2026-07-31,21:00,USD,SNEK,0.00029352477079
2026-07-31,21:00,USD,SOL,72.7893980147
2026-07-31,21:00,USD,WIF,0.1432428838
2026-08-01,21:00,USD,ADA,0.1742162535
2026-08-01,21:00,USD,BONK,0.00000278275681
2026-08-01,21:00,USD,BRL,0.19724
2026-08-01,21:00,USD,EUR,1.1508
2026-08-01,21:00,USD,NIGHT,0.0183657474
2026-08-01,21:00,USD,SNEK,0.00029669654659
2026-08-01,21:00,USD,SOL,71.8664847126
2026-08-01,21:00,USD,WIF,0.1354934364
2026-08-02,21:00,USD,ADA,0.1893531587
2026-08-02,21:00,USD,BONK,0.00000289207215
2026-08-02,21:00,USD,BRL,0.19724
2026-08-02,21:00,USD,EUR,1.1508
2026-08-02,21:00,USD,NIGHT,0.0193141035
2026-08-02,21:00,USD,SNEK,0.00033059418791
2026-08-02,21:00,USD,SOL,73.4507417289
2026-08-02,21:00,USD,WIF,0.1392017302
2026-08-03,21:00,USD,ADA,0.193589772
2026-08-03,21:00,USD,BONK,0.00000283877412
2026-08-03,21:00,USD,BRL,0.19713
2026-08-03,21:00,USD,EUR,1.1519
2026-08-03,21:00,USD,NIGHT,0.0193007287
2026-08-03,21:00,USD,SNEK,0.00033194271908
2026-08-03,21:00,USD,SOL,73.4737905952
2026-08-03,21:00,USD,WIF,0.1402825872
2026-08-04,21:00,USD,ADA,0.1927907397
2026-08-04,21:00,USD,BONK,0.00000278760377
2026-08-04,21:00,USD,BRL,0.19656
2026-08-04,21:00,USD,EUR,1.1518
2026-08-04,21:00,USD,NIGHT,0.0185663931
2026-08-04,21:00,USD,SNEK,0.00032822331252
2026-08-04,21:00,USD,SOL,73.7178457105
2026-08-04,21:00,USD,WIF,0.1400081092
2026-08-05,21:00,USD,ADA,0.1912708683
2026-08-05,21:00,USD,BONK,0.00000280168933
2026-08-05,21:00,USD,BRL,0.19557
2026-08-05,21:00,USD,EUR,1.1547
2026-08-05,21:00,USD,NIGHT,0.0184250263
2026-08-05,21:00,USD,SNEK,0.0003266679687
2026-08-05,21:00,USD,SOL,73.962027381
2026-08-05,21:00,USD,WIF,0.1406339118
2026-08-06,21:00,USD,ADA,0.2007883823
2026-08-06,21:00,USD,BONK,0.00000278219531
2026-08-06,21:00,USD,BRL,0.1954
2026-08-06,21:00,USD,EUR,1.155
2026-08-06,21:00,USD,NIGHT,0.018961357
2026-08-06,21:00,USD,SNEK,0.00033751914124
2026-08-06,21:00,USD,SOL,72.5769964724
2026-08-06,21:00,USD,WIF,0.1398615181
2026-08-07,21:00,USD,ADA,0.2010994352
2026-08-07,21:00,USD,BONK,0.00000248159427
2026-08-07,21:00,USD,BRL,0.19591
2026-08-07,21:00,USD,EUR,1.1545
2026-08-07,21:00,USD,NIGHT,0.0190083873
2026-08-07,21:00,USD,SNEK,0.0003450639105
2026-08-07,21:00,USD,SOL,73.6425517329
2026-08-07,21:00,USD,WIF,0.1375750265
2026-08-08,21:00,USD,ADA,0.1992157267
2026-08-08,21:00,USD,BONK,0.00000248196799
2026-08-08,21:00,USD,BRL,0.19594
2026-08-08,21:00,USD,EUR,1.1544
2026-08-08,21:00,USD,NIGHT,0.0187819004
2026-08-08,21:00,USD,SNEK,0.00034334255874
2026-08-08,21:00,USD,SOL,75.9723381834
2026-08-08,21:00,USD,WIF,0.1420113843
2026-08-09,21:00,USD,ADA,0.1946546296
2026-08-09,21:00,USD,BONK,0.0000024346054
2026-08-09,21:00,USD,BRL,0.19595
2026-08-09,21:00,USD,EUR,1.1544
2026-08-09,21:00,USD,NIGHT,0.0179454151
2026-08-09,21:00,USD,SNEK,0.00035137184609
2026-08-09,21:00,USD,SOL,76.2132039956
2026-08-09,21:00,USD,WIF,0.1417622313
2026-08-10,21:00,USD,ADA,0.1910567128
2026-08-10,21:00,USD,BONK,0.00000242923808
2026-08-10,21:00,USD,BRL,0.19624
2026-08-10,21:00,USD,EUR,1.1556
2026-08-10,21:00,USD,NIGHT,0.0178122585
2026-08-10,21:00,USD,SNEK,0.00034051502755
2026-08-10,21:00,USD,SOL,75.9465129063
2026-08-10,21:00,USD,WIF,0.1405467749
2026-08-11,21:00,USD,ADA,0.186917298
2026-08-11,21:00,USD,BONK,0.00000232241459
2026-08-11,21:00,USD,BRL,0.19569
2026-08-11,21:00,USD,EUR,1.1557
2026-08-11,21:00,USD,NIGHT,0.0176910164
2026-08-11,21:00,USD,SNEK,0.00032684409194
2026-08-11,21:00,USD,SOL,76.1963562431
2026-08-11,21:00,USD,WIF,0.1401777548
2026-08-12,21:00,USD,ADA,0.1824066405
2026-08-12,21:00,USD,BONK,0.00000223682525
2026-08-12,21:00,USD,BRL,0.19423
2026-08-12,21:00,USD,EUR,1.1546
2026-08-12,21:00,USD,NIGHT,0.017499003
2026-08-12,21:00,USD,SNEK,0.00032399927114
2026-08-12,21:00,USD,SOL,75.5259350797
2026-08-12,21:00,USD,WIF,0.1356525391
2026-08-13,21:00,USD,ADA,0.1822541204
2026-08-13,21:00,USD,BONK,0.00000229211583
2026-08-13,21:00,USD,BRL,0.1932
2026-08-13,21:00,USD,EUR,1.1545
2026-08-13,21:00,USD,NIGHT,0.0173759312
2026-08-13,21:00,USD,SNEK,0.00032415224204
2026-08-13,21:00,USD,SOL,76.1752072688
2026-08-13,21:00,USD,WIF,0.136816319
2026-08-14,21:00,USD,ADA,0.1798524062
2026-08-14,21:00,USD,BONK,0.00000238856824
2026-08-14,21:00,USD,BRL,0.19287
2026-08-14,21:00,USD,EUR,1.155
2026-08-14,21:00,USD,NIGHT,0.0173834736
2026-08-14,21:00,USD,SNEK,0.00030773873475
2026-08-14,21:00,USD,SOL,75.3277480267
2026-08-14,21:00,USD,WIF,0.138325734
2026-08-15,21:00,USD,ADA,0.1761326283
2026-08-15,21:00,USD,BONK,0.0000023326743
2026-08-15,21:00,USD,BRL,0.19286
2026-08-15,21:00,USD,EUR,1.1553
2026-08-15,21:00,USD,NIGHT,0.0173241903
2026-08-15,21:00,USD,SNEK,0.00030368388331
2026-08-15,21:00,USD,SOL,75.2723983685
2026-08-15,21:00,USD,WIF,0.1359777735
